Cepheid ID,Galaxy_ID,Period,Apparent Magnitude
XYZ327698,PGC042442,6.913737807616289,29.893028260298042
XYZ688155,KDG141,1.0999320442044278,31.585813509706806
XYZ884767,UGC07387,19.82671014038937,29.292294929683404
XYZ819234,PGC041193,44.914686414495286,29.030387860365423
XYZ360483,UGC06670,1.8843514509607224,31.221404241957696
XYZ884778,IC3355,13.9061305332882,29.596338880405295
XYZ491566,PGC041185,1.4279968807714478,31.49809613379258
XYZ983086,NGC4324,30.28225958692223,29.1148611279497
XYZ426030,PGC040615,12.51778001093337,29.507467686958435
XYZ294961,GR34,34.81473753618661,28.835957091075056
XYZ950322,NGC4303,2.9396707562986393,12.20806408487675
XYZ753713,AGC219628,3.3949362754780052,30.75205721024747
XYZ131125,NGC4771,23.043297292398588,29.12954517003101
XYZ262202,PGC040434,13.97721176721379,29.389483982906608
XYZ294977,PGC040588,3.903761273416228,30.903310610622423
XYZ688198,IC3065,9.315536667100497,30.0431206868801
XYZ753734,PGC3295391,20.400921265704934,29.472894686674113
XYZ917575,PGC2832063,13.61747861092973,29.802603275120745
XYZ786506,PGC040411,8.293521099992315,29.768110457333083
XYZ983114,PGC044215,1.2797597788386559,7.661057698895352
XYZ327770,UGC08382,21.271719943370837,29.767962713479008
XYZ393311,PGC041720,15.507774617284728,29.53265090359579
XYZ229473,NGC4694,3.0277843044805697,30.999578328511387
XYZ327785,UGC08061,5.900725184219222,7.832379294982502
XYZ327801,NGC4470,4.392452483993152,12.646982348973015
XYZ721019,NGC4540,12.0934118764928,29.534323273649555
XYZ360572,IC3025,47.6819960051432,28.747011903364626
XYZ819327,PGC086434,40.663871232606986,28.551499214741373
XYZ295045,SDSSJ121953.72+060156.4,0.9587212337087662,31.411236902281537
XYZ622731,PGC041209,24.636136754180214,28.902382638497972
XYZ950415,SDSSJ125504.03+074316.9,4.619236311401592,30.655684843258562
XYZ360598,PGC041193,8.136182690315053,30.23092566875903
XYZ295068,PGC1364593,10.161550528744852,29.949447320847217
XYZ917661,NGC4383,37.995127803606174,28.777267940778056
XYZ131231,NGC4348,6.941307306685382,30.04122000322629
XYZ983204,PGC039638,16.295670345991216,29.562679500172695
XYZ688295,PGC039008,3.87286982386356,30.477967057824348
XYZ196780,AGC232137,4.035926348674943,30.526213665630394
XYZ458932,PGC1143249,1.0564701522121722,31.422874591120937
XYZ622776,PGC3122921,6.137203447607338,30.067814631932688
XYZ360635,UGC07942,6.5409549562548674,29.926138651618775
XYZ458941,SDSSJ125355.24+191533.5,14.548384088492913,29.482068316946904
XYZ786622,IC3096,3.710331688374993,30.71404041117066
XYZ295103,KK164,5.267502230610395,30.118804622497905
XYZ852160,PGC039878,11.262722815406558,29.791119850845337
XYZ131262,NGC4312,8.861423201611172,29.982559839729685
XYZ327881,NGC4653,3.938242421299963,30.61310467657464
XYZ917707,IC0769,13.945662637282185,29.67068890092475
XYZ557262,PGC040096,12.285307335407174,29.932799612022446
XYZ426191,NGC4348,4.086223572819191,30.52210203083899
XYZ393422,NGC4629,25.213111822716648,7.287767466275433
XYZ852186,IC3065,24.750586496535366,29.359830943779375
XYZ721130,PGC039803,9.740298387135732,29.923628507264258
XYZ786674,PGC039825,2.1283527523312267,31.10942419102267
XYZ917750,PGC042842,15.12896225788172,29.46614491529758
XYZ196856,PGC135803 = HIcl,3.663171712568725,30.74775833017612
XYZ491770,NGC4388,1.6229925608838411,31.196214202195776
XYZ557309,PGC039947,11.342660467321878,29.674600736013527
XYZ459007,NGC4624,2.755267058897167,30.845477944895915
XYZ360703,PGC039153,6.04954019721984,7.460607794975914
XYZ426245,SDSSJ124936.90+215505.7,13.525440683577473,29.686528538225318
XYZ819469,NGC4393,3.801661773743325,30.719359716706627
XYZ885007,PGC040630,1.3920340243741691,31.248456768169326
XYZ360719,SDSSJ121222.40+223529.1,5.554404798509314,30.254707570470256
XYZ819478,NGC4411,4.804896474841169,30.369956473009886
XYZ786715,NGC4472,2.1970521799679696,14.000978294180445
XYZ622877,NGC4461,6.195495618891517,30.10909859139409
XYZ983337,NGC4498,3.0914545065502597,30.464869643564317
XYZ721195,NGC4165,3.092467360962809,30.652539831708257
XYZ983345,PGC040462,1.7137528721905462,31.18061854650194
XYZ917819,NGC4207,8.572847701813924,29.929972330813722
XYZ885055,NGC4302,4.087215562617376,30.72036411191565
XYZ295236,PGC040814,8.795938987418463,10.018855799279006
XYZ885067,NGC4393,5.714742052393062,30.2287784458093
XYZ622933,NGC4197,114.35031684889174,27.91170398035311
XYZ852316,SDSSJ121626.98+060307.6,20.055543574741815,29.211586199045595
XYZ164194,NGC4339,2.485351005525929,30.86267610007897
XYZ917861,PGC040957,5.717352033182567,30.131032554126836
XYZ819561,IC3066,4.7137965506802955,30.24402245561338
XYZ590190,UGC07423,6.606833381787393,30.01601959623922
XYZ557427,PGC1260930,4.294023226602401,7.928534098090747
XYZ688503,IC3742,5.540472709294118,30.53451515533253
XYZ229756,IC3381,4.6274523911113725,30.40749930261585
XYZ524671,PGC1278179,11.50941895509183,10.627712344302925
XYZ819587,PGC040540,24.6966941399405,29.152098671431173
XYZ393607,SDSSJ124420.88+060522.5,5.027946262884098,9.93567704954291
XYZ295304,PGC040469,5.657246966920883,30.468407500244993
XYZ459145,[TH2002]230,3.348029318026407,9.74319195611281
XYZ983433,IC3268,1.8140838503173164,31.018535791196207
XYZ983436,NGC4567,1.7509464685634082,30.977341363797958
XYZ197005,PGC042219,2.2639752045158574,31.388816202286314
XYZ655760,AGC227974,4.152377436939126,30.6357951168322
XYZ197009,UGC08285,2.0764741336107795,10.930625187496439
XYZ262555,MRK1313,1.2408556590726312,31.416702733549787
XYZ229804,PGC041356,22.189522778119322,29.177595582124233
XYZ917932,IC3578,66.51551389823086,28.40678855491426
XYZ852401,UGC07249,2.60155165992861,30.935773066230006
XYZ754097,NGC4405,8.270161225419564,30.11838639956247
XYZ295346,PGC039144,5.932866762052146,30.10429288208524
XYZ459194,PGC041495,5.085026824005741,30.452969822027406
XYZ360894,DDO139,18.062635121280106,29.629557378838925
XYZ623039,PGC040338,10.839828245158552,29.866109897526943
XYZ295360,IC3806,5.941120024875308,30.151560193768262
XYZ983495,NGC4591,4.573379142583904,9.696337670584644
XYZ393678,SDSSJ121828.33+060433.9,46.03929636845478,28.580790589565805
XYZ426452,PGC039905,2.047399433122187,30.964836141485193
XYZ524775,VCC1287,6.628252797303065,29.91918882546379
XYZ721399,KDG130,5.075978035315134,30.319167943800306
XYZ852477,PGC041370,4.419770450795742,30.335502448189626
XYZ786947,PGC039542,3.861807341444102,30.496244183524603
XYZ655881,UGC06670,48.36112238328188,6.032816489514591
XYZ623117,PGC039638,5.059447506975582,30.323353507238618
XYZ688653,PGC041993,4.069181660723464,8.301588321526665
XYZ328210,PGC041598,5.606894625980909,30.39651025163943
XYZ426523,PGC042173,3.7029741257758984,30.7323266629403
XYZ164388,NGC4178,2.322338834594066,30.732870996505355
XYZ819750,NGC4457,14.82781265969163,7.266157733823803
XYZ131630,PGC041356,2.149195433071798,30.96915738715707
XYZ197167,PGC042771,10.05075541308615,30.064836677807133
XYZ623156,IC3806,4.6766367270205285,30.466634361136624
XYZ983606,PGC039188,6.6468888859411015,30.3082768982424
XYZ393785,IC3148,12.844438485538387,29.999422525130036
XYZ492091,NGC4281,5.280397671552459,29.927175137025877
XYZ885309,IC3229,88.79306740152826,28.234941711526783
XYZ655939,NGC4635,4.239231502575074,11.611530591345034
XYZ262729,SDSSJ122934.46+075851.5,3.9791122691925658,30.292560898757046
XYZ688716,PGC041245,4.316832443585261,30.67131089207114
XYZ655949,NGC4710,12.59636615514242,29.659058371179505
XYZ426578,IC3742,2.4854539878555992,31.144561358385804
XYZ557653,NGC4470,3.0158505727051064,30.368137515995215
XYZ229992,PGC040779,7.478486344310138,29.956843415298877
XYZ754280,PGC040631,11.222991057981048,29.586375697961476
XYZ524917,NGC4561,28.21119143220298,28.99521546251112
XYZ262778,NGC3976,6.516448091981295,30.282436557370012
XYZ197243,NGC4316,7.045576467321212,30.10223469276362
XYZ361086,PGC042602,2.9528032484018025,30.75778279427925
XYZ918147,PGC040672,8.021291195670207,30.090280260226542
XYZ918156,PGC041607,6.304303242657625,30.098364616501062
XYZ590478,PGC040315,13.775258398932184,29.616754624746733
XYZ983701,PGC040457,26.36616172897166,29.23654030100274
XYZ459415,IC3499,2.6926981711744538,30.935937129812785
XYZ459418,PGC1289492,6.335490324385073,30.2778860988486
XYZ492190,UGC07557,114.40542471251999,6.187316686640589
XYZ656031,PGC040519,13.857648486256279,29.47668805879874
XYZ459427,SDSSJ122928.18+203348.8,11.170907598723055,29.764872879720734
XYZ361123,PGC037779,7.761383181373172,8.816156379415443
XYZ918187,PGC042626,3.342663465742405,30.662301471180903
XYZ557751,PGC039638,1.8068925347474727,31.304491114470938
XYZ197305,SDSSJ122155.85+174052.5,3.5637515190464857,5.043160554524775
XYZ918213,AGC215716,4.479876413925924,30.498404886579372
XYZ950982,PGC039109,4.356470846620665,30.53509297220259
XYZ688839,PGC042248,85.72237663514883,27.885445280524767
XYZ459468,PGC041979,14.446780737551748,29.304307778216877
XYZ590546,SDSSJ124155.33+114003.7,7.968169967127543,29.94342156083501
XYZ950996,IC3735,3.2043205813349176,30.609360843859605
XYZ787158,PGC039164,6.0217786748289335,30.23703763194138
XYZ950998,IC3077,29.390702842663956,29.20206383079707
XYZ656093,PGC039692,7.263051931979449,29.949866088319293
XYZ361191,NGC4469,5.516344711302689,8.279947429238849
XYZ492265,PGC089681,3.3778548189906252,30.459249965951436
XYZ852714,AGC749235,3.425148805681239,9.694639528876621
XYZ951021,AGC219539,5.165642484339216,30.264062639774146
XYZ754423,PGC042436,23.25166456342645,28.993044943770656
XYZ656127,SDSSJ121443.03+103159.1,6.9928826064270595,8.721498140363334
XYZ361216,PGC041206,8.458957816259753,29.804944118571917
XYZ983813,UGC07422,6.663969156798132,30.27594841178522
XYZ623378,PGC039803,9.124638889460142,29.855974315403735
XYZ197394,NGC4281,21.165946761233815,28.9942908689061
XYZ361240,PGC040674,13.260215582163557,29.542398125758066
XYZ262937,NGC4647,5.9123323528897025,30.2663609069113
XYZ819996,SDSSJ122613.89+035013.6,7.622387917962451,29.999054683326257
XYZ262941,AGC226127,28.96876230599443,28.817901882898088
XYZ983840,PGC041507,7.428270899846158,30.08332627898303
XYZ590629,NGC4457,10.03163208382221,29.767340640802054
XYZ230182,NGC4562,14.503547160777838,29.713480398351845
XYZ754474,AGC225998,4.316350061679809,30.49141439999158
XYZ721707,NGC4480,3.4379133474741894,30.83836000839189
XYZ361264,PGC039647,21.35489673249371,29.080628904025094
XYZ688961,IC3413,9.397884816673438,29.829546603807277
XYZ688969,NGC4309,16.610013006499067,29.21248241984452
XYZ721741,NGC4351,23.200346018399205,28.917368899691485
XYZ951118,PGC043019,4.773440564016809,30.32954217633753
XYZ492367,IC0782,3.685257620355437,30.486128020038443
XYZ951121,NGC4356,1.7000166648651618,31.123336014661156
XYZ590692,IC3625B,9.332171346313945,29.895126077306927
XYZ426854,NGC4323,4.522402609267164,30.566388120075064
XYZ426857,PGC040286,13.487224919875176,29.55758681065077
XYZ623466,SDSSJ121820.26+050700.4,25.693260317349967,29.124822704862353
XYZ197485,NGC4348,2.7193596967526394,30.944887322506464
XYZ885626,PGC039994,11.291898532902328,29.7372063633534
XYZ983931,IC3239,1.8548564879032234,31.050885159868855
XYZ852864,AGC221089,15.293173169754324,29.758167114806447
XYZ787335,PGC044685,6.894443917635343,30.12577781727809
XYZ689031,PGC042204,12.286372279470799,29.696320003593815
XYZ295819,AGC227975,9.023952720601569,29.681561299271813
XYZ328588,NGC4635,4.22082129534952,30.556251839909592
XYZ328592,NGC4689,3.922779384804934,10.628815891025162
XYZ754580,AGC229053,2.019578084174108,30.67966471746983
XYZ230293,UGC07504,4.2352783982671856,30.618104446053255
XYZ590744,NGC4254,49.28291186260464,28.65895879955887
XYZ361379,SDSSJ122204.66+074422.0,14.825480456541444,29.427769744443907
XYZ820132,NGC4480,18.36616583196216,29.497417051275868
XYZ164773,UGC07035,19.970996860168267,29.435671250351184
XYZ197542,PGC041942,34.562429895954104,28.860694715084694
XYZ328622,PGC040948,20.80919457567171,29.159718425509332
XYZ951215,PGC043457,10.746827712234506,29.87641519170991
XYZ623554,IC3061,9.736552356364049,29.797458179106272
XYZ328644,PGC039772,22.031570057711203,7.079291902353898
XYZ918471,PGC1397674,9.558054825084792,29.857773800061775
XYZ656330,PGC040457,2.910370896586292,30.66233976641457
XYZ132046,PGC1166504,1.7703620421306607,31.392364334137305
XYZ197583,PGC041284,29.414525539250008,9.450436334759406
XYZ689109,IC3363,15.716349667510595,29.549167203642103
XYZ852951,AGC226030,6.353256854542792,30.265244668923728
XYZ590810,PGC1143451,3.0934682067019676,31.140001050235174
XYZ164829,NGC4178,1.7711222408304195,31.16215039601219
XYZ197600,NGC4377,5.450932301573994,30.18798959239631
XYZ132068,PGC039292,85.86302686491217,28.13113071575917
XYZ820205,KIG0506,3.4869700550899143,30.6030040369751
XYZ590832,SDSSJ121722.25+052545.2,4.552439653473128,30.444873835667646
XYZ361458,SDSSJ121820.26+050700.4,8.727786915427204,29.78536099700137
XYZ525299,PGC1286175,3.067282320762354,30.913204005769213
XYZ852985,NGC4434,2.562149612196602,31.044551227349164
XYZ820231,PGC1346685,4.321776286644501,30.60982920902815
XYZ164874,IC3468,3.7928066379232663,30.6461151833506
XYZ984078,PGC042723,4.818934658440686,7.960184048241022
XYZ853009,NGC4152,4.697900124306294,10.5306594667694
XYZ590867,NGC4328,4.084267064625228,30.411096243475424
XYZ984089,PGC039639,4.9504701820918005,30.14974755166073
XYZ230433,NGC4528,25.037752909363025,28.84696760345565
XYZ164900,NGC4396,16.39584283227065,29.36959783722002
XYZ951333,SDSSJ121722.25+052545.2,2.3583529675349157,30.78772296867859
XYZ328747,SDSSJ121811.60+043840.2,3.2376217588808234,30.597894212873864
XYZ263214,PGC042400,19.136167937008317,29.436030075725423
XYZ361520,PGC038883,13.774130988423883,29.369025027278404
XYZ459837,KKH80,5.152930856228702,9.902363553887902
XYZ918597,PGC040995,12.972713407450662,29.617371940890926
XYZ361541,NGC4845,1.7131040510450495,31.3138219531824
XYZ590920,SDSSJ122358.19+072701.7,4.433368520961314,30.36238524242541
XYZ492618,SDSSJ121140.31+125824.5,5.758209973293855,30.286572499026306
XYZ296025,NGC4476,5.300130810009161,30.404852264413933
XYZ984155,SDSSJ122934.46+075851.5,9.567143132745468,29.694768846879434
XYZ853086,NGC4791,9.541857847285165,29.832673145680385
XYZ459876,IC0809,3.939156981337656,30.587132171237027
XYZ623719,AGC224696,6.916084159007096,30.30173325736428
XYZ525418,NGC4424,5.774696282231844,30.207248906553804
XYZ492652,SDSSJ121058.17+241438.5,4.785354418347792,30.234278641693365
XYZ754797,IC3021,18.59818819760942,29.333232348573798
XYZ164974,PGC040493,4.6871844056116725,30.11524553604412
XYZ197744,NGC4239,4.187154092770076,30.755330791140697
XYZ197746,PGC042878,5.248850025934974,11.724491136985925
XYZ459899,PGC1374673,6.468145897983623,30.461865045102353
XYZ787580,NGC4252,6.926315823762855,30.10838981974635
XYZ361597,PGC037490,3.6449181940233846,30.460196541846038
XYZ263293,PGC042634,4.6888315456003316,30.498812513048875
XYZ525444,SDSSJ120459.57+142420.4,14.989496870920323,29.553775229273352
XYZ394374,NGC4506,6.7953341021809,30.17887361114617
XYZ984199,KK169,5.34247751006598,30.29159581899894
XYZ656525,NGC4299,5.983371216871394,30.13194689545902
XYZ787598,PGC041180,9.329578131956326,30.00361016947025
XYZ853138,NGC4623,2.006993947038324,30.81000459726252
XYZ394386,PGC040235,3.4442657433073744,30.600654433192776
XYZ165010,PGC1172855,5.855557703115283,30.036645035954923
XYZ132245,PGC040469,4.080628477527594,30.299457921324972
XYZ296098,NGC4123,5.115317062765358,30.227789271351686
XYZ853158,IC3393,3.8734705085119425,9.61275501492744
XYZ820404,PGC043211,41.515372371475564,28.843698719833732
XYZ459960,PGC1164663,2.27581215411489,30.886853886583413
XYZ787643,NGC4268,6.967349883553787,30.07307316529755
XYZ754903,NGC4598,4.305221009317416,30.32625859033027
XYZ165085,PGC040737,17.719927910896526,29.213185692147835
XYZ165090,NGC4206,15.226280885006506,29.38429437019655
XYZ492771,IC3148,9.55733961670948,30.00619296540726
XYZ197865,PGC040767,1.1843898417703767,31.49861638908895
XYZ591091,SDSSJ124322.80+054555.2,5.0474676715533295,30.262125424724125
XYZ722164,NGC4476,7.1710825249048575,30.374970421274732
XYZ722175,PGC040388,11.252753961161037,29.763947795001943
XYZ689415,PGC042673,16.140204223694376,29.444818520496476
XYZ787719,PGC3291470,3.289671664598744,30.789835279486528
XYZ492807,PGC040279,5.369806733295571,30.099200970279362
XYZ361759,IC0782,16.70902213258688,29.68321537102689
XYZ558375,PGC1155762,3.742662818731665,30.028679662417005
XYZ689457,PGC039638,17.13260674815596,29.534092153355903
XYZ263474,PGC3090638,9.618319289876913,29.95140674223282
XYZ951602,PGC039421,35.257766911722406,8.344477929438433
XYZ722228,PGC1589647,11.759529530828797,29.64706776184582
XYZ132418,NGC4239,7.198402274288021,30.33314738812662
XYZ394568,KDG155,41.434153533161954,28.945025705409574
XYZ984401,PGC041720,1.3752920057833289,31.44589534934817
XYZ689494,NGC4536,6.7640383595703675,30.135335378391808
XYZ689501,PGC042248,32.91538535240538,28.756550702993934
XYZ460130,PGC040680,5.106846966156859,30.29275567385812
XYZ591207,EVCC0819,8.578762147455091,29.972478112028867
XYZ591208,NGC4344,15.053970628673527,29.231911622087413
XYZ689513,PGC041515,3.2864526240299936,30.83767321960916
XYZ525679,PGC041360,5.171926157734864,30.398429620359128
XYZ787825,PGC040335,12.853004518872057,29.7165029668955
XYZ853363,AGC229177,22.951583705931963,29.182739496035385
XYZ755059,PGC039542,7.726363571696555,30.024959972425368
XYZ755061,PGC135806,15.65756729549316,29.592472112572867
XYZ198003,UGC08056,3.9022600183020932,30.647485561259742
XYZ492923,UGC08056,6.866524454911956,30.270098840348933
XYZ394621,AGC732245,5.1549226666045564,30.16795006488984
XYZ787839,PGC040957,109.83230220081154,27.915553962668554
XYZ361861,NGC4431,23.703474805696043,29.368979145702795
XYZ427405,NGC4621,2.664222241284716,30.655122929965927
XYZ755092,IC3740,84.6317802543285,27.926997650660546
XYZ296341,NGC4598,13.891691405320552,29.47503013041841
XYZ918935,IC3167,3.627994578925696,30.592821020497983
XYZ886170,PGC042748,1.3462551396760682,31.35906776357961
XYZ460196,PGC042673,7.305235319213182,30.04354451535169
XYZ558503,PGC039392,8.088891915492722,30.052559887455132
XYZ427433,NGC4466,9.648637700611072,30.13741805002299
XYZ820653,NGC4224,2.205847107387427,30.83729856443826
XYZ787886,NGC4434,5.044396129943233,30.5429274353249
XYZ951725,NGC4435,28.730773461453143,29.39549069306832
XYZ361907,IC3540,1.5098268861465935,31.177750993986578
XYZ230852,EVCC0259,14.368156979498023,29.4491648718245
XYZ230855,PGC040414,9.408218475418876,29.920911305733718
XYZ853450,PGC158230,4.635929376667371,30.093902480163063
XYZ263634,NGC4866,6.7254015250544485,30.204276957031784
XYZ361944,IC3412,22.889247555420653,29.05852010265229
XYZ198106,PGC040641,34.508739520064836,28.669171645183013
XYZ165338,IC3099,5.068705473052353,30.08935906052097
XYZ525792,PGC041463,6.436944890408281,30.054847554589347
XYZ558566,SDSSJ115300.30+160229.4,3.5342259742036752,30.704269976762323
XYZ886247,PGC038859,7.49606727867388,29.983195349485293
XYZ951784,AGC213178,7.162669715547529,30.08869798336355
XYZ361962,PGC040468,7.44284402978761,30.096914686012557
XYZ460267,PGC040046,6.937098167259404,29.983883723249544
XYZ755178,PGC041180,10.7955556943095,8.60982726696514
XYZ853491,SDSSJ121419.86+132706.4,11.708001532324891,29.745467698560287
XYZ165370,IC3475,3.6297198357118465,30.583649362037296
XYZ165375,PGC039467,3.942512392679043,30.618925529872552
XYZ427520,PGC040156,3.9416447528619805,30.829180982258634
XYZ132610,NGC4571,3.6681584574764736,30.493541535822114
XYZ198152,PGC041433,5.742338788238353,30.165677920055664
XYZ591369,SDSSJ114717.56+162004.5,8.630467821805862,30.354742750592553
XYZ165389,PGC213995,7.694587532816967,30.284654174826404
XYZ362007,UGC06747,4.757874305675114,30.33945140855373
XYZ755224,SDSSJ121845.12+061547.3,23.49958611674587,29.281875325193745
XYZ558623,SDSSJ124451.77+162505.5,5.169794018282835,30.619949982030125
XYZ198175,PGC1475898,39.84024233910324,28.852390733109093
XYZ525860,PGC041515,5.430966244714933,30.493734504545824
XYZ493093,NGC4328,8.305948169252243,29.78402481268262
XYZ722470,PGC041000,1.7540841596003744,11.931703652143746
XYZ624167,SDSSJ121612.76+072721.6,1.4390901092012625,31.37881982710291
XYZ230953,NGC4747,66.4918801592371,28.247783409270102
XYZ132650,Mrk51,6.628626553361992,30.118658277738326
XYZ263732,SDSSJ123549.46+201755.0,15.87752522481114,6.475662004728029
XYZ788024,NGC4235,23.162911022648665,29.003824322737778
XYZ591417,PGC037954,3.714007960248102,30.333333461842976
XYZ394811,VCC114,13.843246473964925,29.457018481440862
XYZ919101,PGC041802,1.388690864143281,31.374041411349857
XYZ984640,PGC039230,7.571468066068608,30.054454768012658
XYZ132680,PGC042084,5.1132716231459385,30.531364998755272
XYZ230989,NGC4344,9.909238809036623,29.68587101726626
XYZ394833,IC3227,20.14085353866331,29.353636747898513
XYZ689746,PGC039264,7.292133785667509,30.407926954516654
XYZ656979,PGC086434,5.044273186019893,30.120287733836246
XYZ853590,IC0782,6.990843687880928,8.392433156662218
XYZ755286,PGC042779,10.626458140588925,29.733987827578773
XYZ755288,PGC1664006,5.105173297681752,30.446803450095466
XYZ558681,PGC041712,4.290773899987026,30.478541739977057
XYZ329313,IC3032,25.46965236446923,29.10020032606322
XYZ886373,NGC4466,31.368921431189452,29.10662254077955
XYZ820842,PGC041942,3.6907890412697237,30.35920117319641
XYZ132715,PGC039420,6.873801815231031,30.13481186611249
XYZ427630,PGC040444,7.898378787462593,9.668714057984666
XYZ558704,PGC1137065,6.295536968913648,8.596346949909577
XYZ853631,PGC039905,1.3630231454202506,31.556609068361524
XYZ198275,PGC041428,4.471065775728025,30.580304149968832
XYZ329358,PGC040958,7.629048794832736,29.85247797281889
XYZ493207,IC3313,19.38906193844237,29.257631632445143
XYZ984728,NGC4632,5.451041641094902,30.32097410139356
XYZ165536,PGC2832063,6.897426357298745,30.245744595111574
XYZ296616,UGC07929,3.499206281312912,30.727079981413535
XYZ165545,PGC040519,2.31963276334998,8.066982515666577
XYZ100014,PGC043072,16.19971830089386,29.39124197288526
XYZ296625,IC0755,15.430267412026208,29.493290732844965
XYZ886451,NGC4277,4.8300405212215125,30.344683281511703
XYZ362165,IC3032,3.4032105280228966,30.698334532126335
XYZ132790,IC3435,13.139442553342775,29.672817697405026
XYZ689865,IC3740,16.609941280990842,29.145625002247176
XYZ788171,NGC4412,4.180983174307174,30.275828371254168
XYZ952016,NGC4635,5.630318898150546,30.080118277271524
XYZ329425,SDSSJ121722.25+052545.2,7.46204052638491,30.002735913216316
XYZ362201,UGC07636,3.9358542210016694,11.423567049402191
XYZ886490,PGC043739,7.002546705785346,29.953832534372115
XYZ591579,PGC040917,27.67175045754055,29.172637349201008
XYZ788188,PGC040707,7.72465310631335,29.9748307800234
XYZ558827,PGC041607,22.517439208580196,29.0998648555443
XYZ526065,IC3303,5.087697795765775,30.32326096346925
XYZ198390,NGC4639,14.19466578552347,29.50051617577761
XYZ722683,AGC233574,23.12325591069528,29.28377604131698
XYZ886532,PGC040683,2.620474031642776,30.7682748982828
XYZ755472,PGC1233241,5.51140320128027,30.20969676099962
XYZ919321,UGC07854,10.076920786016846,29.875540543137515
XYZ853795,PGC042626,16.266638592488366,29.375486248075312
XYZ657188,PGC042710,10.98827048539028,29.67865440215355
XYZ919336,IC3258,4.560430450174116,30.556860992314093
XYZ657197,IC3591,1.59915264993222,31.105867396441212
XYZ689977,SDSSJ124942.06+052922.2,21.329160567143028,29.222756338054722
XYZ722747,NGC4328,2.4331792943614876,30.461848036844614
XYZ984896,PGC040707,12.545328654983704,10.823405292245294
XYZ722757,SDSSJ121917.10+053442.3,6.123473313994671,10.918574440314032
XYZ100169,PGC042980,7.278480186012894,30.155667920849776
XYZ231241,PGC040825,2.0884522280672875,31.12311923438081
XYZ821069,PGC039041,42.907370402314776,28.606010848431016
XYZ264018,PGC039757,14.88173633268768,29.62445520687019
XYZ788307,IC3019,9.844599166865557,29.659604826167275
XYZ755543,PGC1314461,9.564970412964103,30.05982570182134
XYZ493408,NGC4293,2.8034057510400787,30.618873984960914
XYZ591713,PGC038837,8.078091560896976,29.79808028144216
XYZ362338,UGC07697,1.5175877509681823,31.235119895596853
XYZ198497,AGC742455,7.588837611431464,29.875648089068875
XYZ558972,SDSSJ122927.63+055825.0,7.29242663441588,29.98736587371509
XYZ165759,PGC042768,19.049422977705692,29.143127827383342
XYZ722816,IC3742,9.491172224011438,29.944652709951047
XYZ722822,UGC06881,4.07071130428295,30.427201686871353
XYZ264074,IC0796,6.440666528978323,10.273749399839897
XYZ952205,IC3490,3.9155969370863715,9.673120745800414
XYZ722833,IC3490,49.266605582128726,28.57690361223889
XYZ657301,NGC4353,1.387879885290455,31.10795291600518
XYZ886678,AGC732245,7.875399597702928,29.70973099199635
XYZ919451,PGC040814,7.869118930616907,30.241649121004166
XYZ231324,PGC040540,1.6682804352142293,8.834577039258846
XYZ952225,PGC042454,28.24871924026871,29.223492983639108
XYZ853943,PGC1159978,35.43569740795365,9.02026915292631
XYZ198584,NGC4450,3.912663799163166,30.63121839361351
XYZ133048,AGC219541,6.488749488249953,29.99880433144465
XYZ886714,PGC040707,3.876135346569833,30.61769352695124
XYZ657350,PGC1674681,4.258572297939729,30.336347460080837
XYZ952270,PGC042609,15.360649843124506,29.632069145378978
XYZ427982,PGC042057,6.30081129120471,30.324639146677878
XYZ264146,SDSSJ125504.03+074316.9,12.25764073605344,29.847657273010146
XYZ198611,IC3099,23.37088284920521,29.043336334349007
XYZ722912,UGCA379,9.50818150630765,29.75199986531419
XYZ886762,PGC040312,5.542545055366688,30.405085449838182
XYZ690158,PGC042110,5.5472579268476325,30.244733562604303
XYZ854005,PGC040889,14.196964940211872,7.049905858996819
XYZ460791,UGC08285,45.630430016508775,28.690543149458723
XYZ985084,NGC4273,1.2493056970095973,31.173553534310145
XYZ165885,PGC039730,1.0409488309622978,31.600028432729708
XYZ133120,IC3576,19.110692299260535,29.492039950875267
XYZ428035,PGC1166209,5.303449273441717,30.021589946374462
XYZ493571,AGC732194,83.8106327908185,27.932055197855135
XYZ788485,KK173,4.286673177644911,30.34040220609553
XYZ788496,PGC039757,3.298302645206779,30.78310053413092
XYZ821265,NGC4340,12.443297259764286,29.749532820828634
XYZ657424,UGC07143,20.99978613117765,29.2220138752803
XYZ755736,AGC749241,31.451028848510436,28.93229539554765
XYZ296996,VCC565,4.75251246029035,6.859097043727832
XYZ690215,AGC213178,46.229353530084865,8.895622377625138
XYZ886830,MRK1313,8.049072713866176,7.660754025638049
XYZ362542,NGC4207,15.613710617734833,29.5400968513057
XYZ395312,PGC3294456,12.422517606812987,29.833246853545724
XYZ493620,PGC041805,5.094014500683394,30.252712805666917
XYZ854075,PGC039928,6.379387985791888,30.113714330712604
XYZ854079,IC3384,12.401154886029559,7.794273228401572
XYZ297026,NGC4237,6.782732577257075,30.092503597195403
XYZ559171,PGC1103962,15.718644611998378,29.0449524770468
XYZ165960,IC0781,3.778261400469933,30.620390389124776
XYZ886858,NGC4666,5.071922850113702,30.151211446389226
XYZ821322,IC3392,2.0574180714662784,30.95198415572232
XYZ657484,IC3443,18.94111945163639,29.173663875201047
XYZ591950,PGC042219,6.502979125662615,9.597957892492307
XYZ362574,SDSSJ121828.33+060433.9,10.739556368670025,29.83273915024241
XYZ886872,AGC229124,5.229837333188558,30.330977140063208
XYZ985182,PGC214037,19.939502843268183,4.484017570102534
XYZ198752,PGC040298,15.221132921620553,29.725078669167665
XYZ821345,AGC749235,2.7530323839163473,30.806498689586657
XYZ493664,PGC037954,3.254227286942562,30.54510442318742
XYZ821351,PGC3295333,3.346689373974097,9.086080257749593
XYZ952425,IC3148,4.956893462510691,30.538906320896388
XYZ624751,DDO154,25.562548373369882,29.120136189581565
XYZ100465,PGC039692,7.252400258777181,29.769284705083738
XYZ886902,MRK1313,29.243341633304734,29.014036942375018
XYZ559224,NGC4598,7.396838158322278,30.0823563667116
XYZ723066,PGC041502,15.610587515948598,29.472699965000217
XYZ624762,PGC1103489,8.534279195669763,29.748609393805914
XYZ297096,VLSB-D,1.414412815687281,31.187254710967544
XYZ690318,RFGC2284,11.48549506819865,29.84300364011912
XYZ395414,PGC039861,10.632419297448973,29.574858081570667
XYZ624793,PGC038754,13.621559949210555,29.51789214611055
XYZ395423,NGC4459,4.075659761247568,30.50925622635976
XYZ395431,NGC4638,41.74359215394932,28.69612319492994
XYZ624814,UGC07976,8.89920227677261,29.918988825330946
XYZ460981,NGC4452,3.8885228080258805,30.52702544091166
XYZ133319,PGC040300,27.91923524517739,7.1454734894256475
XYZ329935,PGC041937,4.638218356618612,30.33835067478576
XYZ526545,NGC4411,2.609013090495218,31.03144160493116
XYZ788690,IC3225,1.6967365065037046,31.119154212519856
XYZ919762,NGC4634,10.784557713389098,29.73439833977102
XYZ559317,PGC1263098,12.912081596608283,29.543988799619356
XYZ821465,KK180,11.268651949458732,29.69728090826131
XYZ559322,NGC4292,2.386585340640122,11.715572175656082
XYZ624859,PGC041059,83.72877589418636,27.884115418828234
XYZ592094,NGC4880,2.136083969633267,31.079241008158306
XYZ133347,IC3215,11.887260931279485,29.74908661890372
XYZ133348,SDSSJ125046.77+045323.7,7.29514523155183,30.16999437441015
XYZ624872,PGC3294456,4.298585634289367,30.598224715061363
XYZ985322,PGC043119,2.1133531677356254,30.686631053972885
XYZ821486,PGC039845,6.812360543036917,30.055522720914787
XYZ854261,NGC4192,5.496607817029354,30.154795313108142
XYZ887031,PGC042155,4.371790014015071,30.574304057252366
XYZ100603,NGC4592,1.8820182529502107,30.818095155474854
XYZ952572,NGC4292,17.248016561595666,29.415746051035693
XYZ297215,PGC1376175,8.217578448985588,29.740419602468698
XYZ821508,PGC039153,13.579734018817557,11.359477593809956
XYZ919814,PGC041716,1.3527910596841568,31.050948554060536
XYZ723212,IC0796,13.007123172383556,29.599315660442112
XYZ821521,NGC 4269,6.126475953751651,29.996207067617878
XYZ395538,PGC040838,4.673298630081066,30.560591568933305
XYZ264474,NGC4374,5.272164726379994,30.388312426230605
XYZ428318,PGC041712,4.028586186299254,30.647579108636805
XYZ297255,PGC040083,6.803656919689712,30.16343111685829
XYZ919856,PGC040479,5.496083816315159,30.146331745940316
XYZ690485,PGC039905,29.89570404997251,29.07219855793813
XYZ919862,PGC041098,9.926853207741088,13.834293118651477
XYZ592196,NGC4387,6.803118736296064,30.029936236202794
XYZ592200,PGC040972,19.308781543373655,29.306142373888633
XYZ985417,PGC1161319,9.822338777708586,29.866608933374888
XYZ788809,IC0797,8.549240233325719,29.992356845864606
XYZ264523,PGC041091,4.538704970060434,30.42522631615029
XYZ100686,PGC1204412,8.90280486831934,29.987310585424716
XYZ526671,PGC041144,7.239172349005286,30.14577178004379
XYZ100714,IC3036,6.100071446779298,30.196711349959887
XYZ231794,NGC4312,116.99898432000063,27.841186897923514
XYZ919926,IC3120,14.844915948894364,29.31252668639756
XYZ395641,PGC042219,2.6304993233151013,11.496899130560806
XYZ690555,PGC039641,5.214270070990848,30.12901080574027
XYZ461179,PGC039639,5.5614193587659875,30.164713858476222
XYZ887165,PGC039515,3.4332072309196464,30.646017116525844
XYZ625024,PGC041570,16.64905968528301,29.286533192766285
XYZ493956,PGC037048,5.513198139994285,30.37935868817071
XYZ199046,PGC039893,3.7450319740605043,30.600026287782782
XYZ756108,IC3065,8.44076629578733,30.191781665312323
XYZ952716,PGC041432,3.5792635248178213,30.65965607647613
XYZ657808,PGC039413,3.3272972270398817,30.891616384523147
XYZ985494,PGC037802,8.131849562561401,29.98846137180428
XYZ493982,PGC039331,12.923644563567404,29.429088624225145
XYZ559520,KK173,11.302240951696593,29.613792875619264
XYZ166316,PGC041007,9.72639915913744,29.953635137124653
XYZ494001,AGC227972,13.94389629000036,29.340419833054067
XYZ494004,PGC042758,4.909945613432821,5.94866036038956
XYZ330168,DDO097,6.010062454470903,30.196156997979415
XYZ625082,PGC093119,7.3018009443976135,30.37593635762108
XYZ690624,PGC038113,4.9474966285974125,30.44664233112088
XYZ231882,PGC1120391,75.92863682292374,27.95123062419754
XYZ985558,PGC040574,5.346835360937992,30.296877544125124
XYZ330206,NGC4571,2.282707473624941,31.068843441342356
XYZ920035,PGC1143249,40.03092079861584,28.760066752858805
XYZ395752,PGC040951,1.6075075369497878,31.198294650344785
XYZ887273,PGC040096,2.9147932403353765,30.768485124535022
XYZ887274,PGC043183,8.247908378185539,30.033152588539252
XYZ362987,PGC039825,8.428857275003443,30.068429812247594
XYZ428522,PGC038926,29.135034934434334,29.11950391174174
XYZ133614,SDSSJ121727.85+071937.6,12.412119585698905,29.76653071336586
XYZ559609,PGC040074,8.202458397065541,30.320689543593073
XYZ985601,PGC040424,2.273234040189341,30.991023954631004
XYZ461313,SDSSJ122933.64+131145.6,5.28683161504322,7.52279770648213
XYZ133635,PGC041137,4.122317496158471,30.59063250027447
XYZ723459,PGC041156,13.32211855830538,29.46876145521234
XYZ133637,NGC4371,7.719115824413008,30.112419527528914
XYZ330244,IC3021,13.212802749905393,29.525588736951327
XYZ788999,SDSSJ114957.11+161743.6,25.190563382336812,29.324283530973705
XYZ625159,IC3313,10.798497771170503,29.7997911084187
XYZ789004,PGC042842,7.424132999681616,9.271577134788764
XYZ428560,PGC042325,40.605627606587774,28.74701723083012
XYZ723482,PGC042902,4.185577606178934,30.671586075889245
XYZ756251,AGC230084,1.1938989412120566,31.472642734696482
XYZ854556,PGC042147,5.856690591447967,30.088461520597235
XYZ559646,IC3617,6.063130816506892,30.146688134189912
XYZ264743,PGC3291470,18.950219066892423,29.418192722617682
XYZ231981,PGC039392,40.614812347429655,28.83301479206787
XYZ461364,AGC219539,2.1501868114187888,30.818905934800483
XYZ756276,PGC158230,12.832552250437379,29.50673884931798
XYZ428598,PGC040274,12.142481960479344,29.48942289539669
XYZ297529,IC0796,4.23570457802515,30.50398342926993
XYZ887365,SDSSJ123549.46+201755.0,8.215500861973247,29.80600126215559
XYZ625224,PGC039833,5.404565676451455,30.192137266156024
XYZ363081,NGC4746,3.8164454624780815,30.60523740035758
XYZ133717,PGC040844,23.391674922292882,10.880128642836983
XYZ330329,PGC1286175,4.326798947131484,30.47966698826628
XYZ887391,PGC042668,4.277528884320264,8.261353026437078
XYZ494178,PGC041370,14.323710917484897,7.44741623813437
XYZ363112,IC3025,7.080335438491616,30.216202328701556
XYZ264811,PGC1128047,15.38175832666397,29.33578870528981
XYZ920171,IC3473,26.778072404316166,29.03668653334442
XYZ461427,IC3473,8.71017181669327,30.026040512681586
XYZ395894,PGC1184482,3.9210894325798176,30.505855308392864
XYZ297591,KK183,7.805986184643092,29.778416704583847
XYZ985718,IC3100,5.159131018357167,30.653905511243558
XYZ559740,PGC039415,29.108254197301573,29.161168952272057
XYZ920193,PGC042454,5.854425056279094,30.579121053066412
XYZ592517,PGC040175,3.7000042503892265,30.719916687959685
XYZ887433,SDSSJ124936.90+215505.7,33.5228094001153,29.02337032556562
XYZ297617,GR10,16.789097852688194,29.482510910900714
XYZ461460,SDSSJ124545.05+121408.5,15.69807914902228,29.669110749775164
XYZ363159,PGC039905,19.834831172170997,29.34963630281954
XYZ101016,PGC1132599,28.671373852807,29.023741746551973
XYZ199320,PGC041358,10.730911671620925,29.772638226978902
XYZ592546,SDSSJ121444.59+124722.7,1.4534581951755827,31.282861412617567
XYZ854694,NGC4689,17.360303552594015,29.291166621175325
XYZ395951,NGC4494,7.201090998682185,29.861973515528472
XYZ330428,SDSSJ123745.89+181750.2,1.1109224092608392,31.676534334551658
XYZ690885,NGC4483,3.9334597999969496,30.629395490677712
XYZ592586,PGC038980,4.507207768383003,30.139749895235965
XYZ199381,PGC039734 = VCC0381,5.389720992618226,30.29515755851804
XYZ789207,NGC4045,9.061674234962465,29.834461425624443
XYZ789208,NGC4528,15.009293347699202,29.31531838809245
XYZ264929,PGC041720,2.909872949937876,30.785131672241153
XYZ854760,PGC041191,4.988156387624413,30.435473966570793
XYZ920298,IC3740,10.609476585855777,29.579711996413124
XYZ854766,PGC1133831,16.118073765487534,10.112842101011765
XYZ756462,PGC039863,3.4437004678174095,30.687786180843506
XYZ527088,NGC4239,5.485992747246771,30.376963006302287
XYZ297717,PGC041598,28.249424969543657,29.161391915952617
XYZ133881,SDSSJ114957.11+161743.6,6.831064221889233,30.355631035977744
XYZ461569,PGC089680,7.8623389717708445,29.810236520701537
XYZ723734,NGC4808,4.862699882552552,30.426972614496705
XYZ264988,UGC07707,3.9183076063679607,30.5758716386629
XYZ264990,SDSSJ123743.70+181556.0,7.963082445695859,9.700719276067968
XYZ658208,PGC040912,4.634341013805448,30.451921737495315
XYZ559906,SDSSJ130440.05+184438.7,48.800866670422565,28.619045502824985
XYZ756515,UGC07170,5.120480055858278,29.846122393955486
XYZ756519,IC3102,14.885815188198842,29.619126128084194
XYZ887591,NGC4808,7.062804577265659,30.247506459618005
XYZ690985,SDSSJ121626.98+060307.6,16.40025393841955,29.72222056134382
XYZ887596,SDSSJ121746.61+052236.2,4.154541745329153,30.57451369636794
XYZ592687,NGC4599,6.834282854208757,29.78097847811315
XYZ461619,NGC4826,4.651211271213139,30.358960080419724
XYZ232248,SDSSJ120958.86+250106.3,7.473004099579745,30.177041770847378
XYZ985913,PGC039734 = VCC0381,8.947710235956876,30.048893007094843
XYZ330558,PGC041059,4.900591081226442,29.859217013921512
XYZ985923,PGC1233241,13.486530439503488,29.52799581997634
XYZ199492,UGC07039,41.36541912270382,28.65933426182025
XYZ396107,PGC1368352,45.122423538001186,28.61993280532913
XYZ166741,PGC041358,34.07161713719376,29.08206285300478
XYZ265058,PGC040766,6.886773507002796,7.2656387238114135
XYZ559971,PGC1423207,3.7341434683210353,30.52882946449577
XYZ396132,PGC1488625,8.161830325818176,29.996479415841776
XYZ985966,SDSSJ125046.77+045323.7,16.344821430303966,29.432388314809494
XYZ789358,PGC039488,9.494825520422529,10.533178142177814
XYZ953215,NGC4866,5.147919409085224,30.49024213240718
XYZ428940,NGC4458,4.969704274324405,30.25257587981675
XYZ920463,PGC040338,11.69591257256834,29.69995317099357
XYZ920464,UGC07943,1.768548751781109,31.145883077235688
XYZ428946,SDSSJ121626.98+060307.6,11.098753544340427,29.570131789994218
XYZ560018,UGC08061,1.877310066082981,31.04825839380633
XYZ592793,UGC08001,8.304102763351542,29.62709003927336
XYZ789403,PGC043457,10.708797469448347,29.84582122020867
XYZ297885,NGC4522,9.56969840079135,29.866554672746805
XYZ134047,IC3840,11.533230364475997,29.468195681929597
XYZ428970,SDSSJ125046.77+045323.7,0.9251830569997337,31.854548740605193
XYZ789420,PGC1097431,5.550782274520318,30.415950972365344
XYZ986051,NGC4497,4.349674077858069,30.62500765806132
XYZ461765,PGC041007,2.89269945876724,30.92113918356997
XYZ428999,NGC4431,21.824708074829896,29.11307578459682
XYZ330698,DDO128,16.141726784984193,29.623370518572926
XYZ232397,SDSSJ121341.42+090040.2,3.679765440664449,30.651438005525485
XYZ330708,IC3492,13.537334416577279,29.65244298285904
XYZ166872,NGC4592,13.798428906599456,29.457212085002613
XYZ101336,NGC4293,11.217174884434455,29.66412386457793
XYZ429019,UGC08048,3.867072008480921,8.920734675161963
XYZ232416,PGC040235,21.32960771656454,29.13712902222635
XYZ855013,PGC2832117,5.626132065182726,30.403217828380257
XYZ625638,UGC07929,32.35160878946198,28.978030077838227
XYZ166888,IC3305,4.217300008611241,30.383414117852784
XYZ265194,PGC086641,16.85900770873433,29.38625918724121
XYZ887796,NGC4526,13.05324937959747,29.516023183763185
XYZ723958,PGC040831,2.135418891042716,31.078025961626086
XYZ494585,PGC040759,24.07587827477406,29.21923218119424
XYZ134151,NGC4421,3.0606003114285003,31.020294631215357
XYZ887821,NGC4459,5.033691683471525,30.460489804073582
XYZ592910,PGC1291858,6.770385039914165,30.16765343354426
XYZ527375,IC3268,24.312139166303304,7.1030055757136275
XYZ756751,PGC041102,10.18984941301569,29.883139246926092
XYZ691217,IC3742,6.655622988261882,30.32691958477248
XYZ134162,NGC4477,65.28794753961007,28.335448034127413
XYZ232475,SDSSJ114931.03+151539.7,6.1516216670742745,30.18743672395847
XYZ560156,PGC040766,3.392708054138921,30.64467054510564
XYZ592925,PGC041120,18.962801925018457,29.30548372927646
XYZ527388,PGC042748,28.23306725680275,28.95141047112541
XYZ101407,PGC042357,14.477618389268999,29.36538274805465
XYZ592928,PGC039804,2.4205536950373476,30.56574697872039
XYZ822320,PGC043309,5.352573941974856,30.414828492981545
XYZ855093,NGC4584,6.9926309210097966,30.234147072015677
XYZ101431,NGC4473,6.914005322374794,30.160654794420026
XYZ232516,AGC220354,14.320243586297712,29.59187377265591
XYZ724043,NGC4233,1.276217195942564,31.248271287363043
XYZ560208,PGC039861,3.6032842237499256,30.65723059998153
XYZ494673,UGC07557,9.26842173473702,7.114112194034249
XYZ199760,PGC036976,6.1670381448534,30.29591624499373
XYZ265301,SDSSJ124322.80+054555.2,2.4234160680093617,10.77724581362503
XYZ986207,PGC040554,49.2478274448322,28.574602278125326
XYZ691296,SDSSJ122933.64+131145.6,5.075638414090592,30.330509419877046
XYZ101473,PGC039813,4.653444790438399,30.26919563628284
XYZ953449,PGC040767,4.81096027058354,10.774278503425162
XYZ920683,DDO139,5.889563792575196,30.20061557594326
XYZ855154,PGC041782,9.799518699405573,29.81431067427503
XYZ298100,PGC041006,5.592669628294097,30.203338856253676
XYZ724085,UGC07979,5.743502584159903,30.281301671246442
XYZ986232,UGC07485,15.541414083849368,29.384960968322755
XYZ593020,PGC1212399,1.5866714826505475,31.302321533071797
XYZ625798,PGC1294753,6.566356066274467,13.483481861533445
XYZ887951,PGC039889,19.833738150213136,29.149925164474123
XYZ134288,IC0797,14.27027041292495,29.57860492491803
XYZ167057,KDG130,1.8299924817788944,31.233421085998845
XYZ527509,PGC041059,13.105738294403604,29.388239583081894
XYZ199830,PGC040946,7.171051871704349,30.123037342293824
XYZ199837,NGC4262,1.477919816671935,31.109847683003977
XYZ560291,EVCC0580,1.6282562763958424,31.400860238455447
XYZ920743,IC3355,66.58874228497557,28.44985832726919
XYZ920756,PGC040428,5.863703568761875,30.44158134763494
XYZ462010,PGC042059,7.612801859062709,30.163884264408743
XYZ986306,PGC1382204,12.391533601398981,29.821755680559345
XYZ429257,UGC07170,7.094123783869186,29.94070146667808
XYZ658634,PGC039985,7.403753240739498,30.124103556059886
XYZ986313,IC3442,12.084343042810819,29.544573504403054
XYZ560335,EVCC0629,8.906099420169122,29.73856970697909
XYZ593113,PGC038784,4.737300030419814,30.42170203489409
XYZ724194,SDSSJ121458.02+075304.2,6.414733874136652,9.474994867780318
XYZ298215,PGC040946,7.8389259955894595,30.06847883071345
XYZ986346,UGC08055,14.7197156352418,29.55555805764737
XYZ822506,PGC040461,7.646130197846164,29.81422250061852
XYZ330988,PGC038779,4.1234919351394295,30.46932511212215
XYZ986348,NGC4179,9.981249795434088,29.830446587291206
XYZ920826,NGC4321,6.833513639073963,30.042291719318328
XYZ822525,NGC4402,15.303027974174519,29.65327957127416
XYZ101640,PGC042442,6.63330326901426,30.085777515651568
XYZ593161,AGC229379,46.182073144639375,29.058968469592006
XYZ789772,AGC229053,5.54491331597194,9.422420686565133
XYZ986383,PGC039012,1.4604970779629896,31.246341114630415
XYZ101649,NGC4313,7.274586007275415,10.141637637637345
XYZ724242,PGC041863,12.6549482600476,29.466794803068286
XYZ265493,NGC4423,4.3301101752663875,11.338143824778573
XYZ199958,PGC040615,5.913896122555505,30.19994429500418
XYZ920857,PGC1229057,6.811749490249511,30.05054247031914
XYZ462106,PGC040680,7.876069471352977,11.04514327230244
XYZ232731,NGC4551,4.360078487851251,30.318867248774247
XYZ232732,PGC1137065,12.268362422299559,29.787070654807497
XYZ527653,PGC042350,4.799299693130718,30.253448564160983
XYZ101675,NGC4587,13.275775058237224,29.600277890404577
XYZ593211,PGC039766,21.869149349916864,29.316613472184432
XYZ199997,IC3383,3.236218607041563,30.61911679019082
XYZ331071,PGC1212399,3.7727975297183907,30.558400715565313
XYZ757056,SDSSJ122020.13+094750.0,3.272270425248349,30.456834947720797
XYZ658753,UGC07911,11.357429876855837,30.011644989388987
XYZ134464,PGC091181,2.87895168636639,8.472799557190491
XYZ560452,AGC228094,1.6962838239635745,13.680854633206526
XYZ232772,PGC042114,5.523691944360177,30.353622555245
XYZ265542,PGC040409,17.685771501352708,29.33346577743075
XYZ888143,NGC4339,12.750229834857787,29.70100905882894
XYZ298321,PGC1124896,5.482210086017783,30.33395640117459
XYZ658770,PGC041360,6.891848714204624,30.090986426361635
XYZ232788,IC3259,19.108334992922,29.118819287014762
XYZ789849,PGC1191416,8.969068054950457,29.95200423528123
XYZ822619,PGC039641,45.31335613514857,28.629901820789847
XYZ101732,PGC040889,26.533495506910846,28.71753127047926
XYZ888168,PGC040672,7.896805611729526,29.989251015108856
XYZ101739,IC3383,3.841435851392047,11.736640927962576
XYZ363889,SDSSJ121804.26+144510.4,11.601357037857099,8.320874102850944
XYZ658807,NGC4324,4.880071913576132,30.445652645507934
XYZ331128,NGC4434,3.64197046674789,31.138185407428264
XYZ724348,PGC1165632,12.350269578948765,29.492859609026112
XYZ757118,SDSSJ130320.36+175909.7,15.458782273057821,29.556945032332937
XYZ527745,IC0769,3.3435413116358066,30.67472467452488
XYZ593283,PGC042147,4.541221223963154,30.46880807391579
XYZ232848,IC3412,1.618252919675699,31.160327221845854
XYZ593299,PGC040946,6.932050212648922,5.756729023110783
XYZ134548,UGC07425,4.34576747412186,30.42377155820408
XYZ101795,SDSSJ121517.12+062335.3,3.1517877703381294,30.66061760216268
XYZ331176,PGC041156,0.7554767201041073,31.5637291618558
XYZ822699,IC3446,5.186235084459113,30.373020089128953
XYZ167356,SDSSJ123743.70+181556.0,5.101155552781521,30.613579537033804
XYZ462273,PGC1283313,2.469613657192026,30.85479060920421
XYZ822723,NGC4491,12.947223613079997,29.664924100433584
XYZ560587,IC3742,5.7920727971148525,30.503256805759143
XYZ593360,KK183,2.3561426484246555,30.88851234115789
XYZ691666,PGC3120683,14.201068599512485,29.45177455249382
XYZ789986,UGC07332,35.51890762046834,28.763116903121396
XYZ298469,PGC039904,7.706537778594593,29.95396265859952
XYZ265703,IC3292,4.0966984653598395,30.473291191876953
XYZ331241,PGC1337184,7.433149873636332,8.464679949317155
XYZ462318,PGC040175,6.078495386829385,30.4056024376175
XYZ855546,PGC043051,5.9018568750798,30.277706468871887
XYZ298491,GAMA220751,4.611148526718383,6.413093622743929
XYZ200189,UGC07370,7.6878827365797715,29.99391562808591
XYZ888318,NGC4649,3.392738468673862,30.714163111800605
XYZ691710,SDSSJ123453.22+241946.7,6.477369437333148,11.285665163367469
XYZ626188,PGC1180748,2.1725434553944116,30.910895494038325
XYZ790029,PGC1441122,4.420071443418841,30.608111000385037
XYZ822798,IC3773,15.237016040363894,29.674831484989156
XYZ265749,PGC042068,3.9773955982793368,30.514171786423113
XYZ134680,AGC226122,5.314216715837593,29.994564424249823
XYZ396828,NGC4260,8.708378897588418,29.89693520605346
XYZ921135,PGC1172855,5.05947798016667,30.227900169710296
XYZ593455,PGC042754,33.13604884990706,28.890778039457537
XYZ298551,NGC4298,6.308299425386398,30.32876222593809
XYZ790072,PGC042537,14.239217257825,29.691925958698995
XYZ233017,PGC042717,28.3636891812984,29.253518725599335
XYZ757308,NGC4116,3.5971302491088055,30.3499657138516
XYZ986687,NGC4307,4.064294176678769,30.244506132636747
XYZ396866,UGC07423,5.0423240552492485,30.32678731156902
XYZ200262,PGC040958,4.944111545656883,30.31716232952396
XYZ101963,PGC041273,8.104942061316446,30.254469972147337
XYZ167506,SDSSJ121428.14+055431.1,14.470306573894113,29.604889722348627
XYZ626260,AGC732257,41.49822321960999,28.598483865147198
XYZ265812,KDG118,11.192669323504335,29.702715365196354
XYZ855640,PGC042801,7.96593763132522,29.898643138617356
XYZ331356,IC3806,7.862380395292976,30.091048169512938
XYZ462432,PGC042091,16.61975979974787,29.482901406234333
XYZ953952,NGC4523,7.7552428044844035,29.926126795273273
XYZ757349,UGC07399A,2.146613969310992,30.85017246584127
XYZ822886,PGC1282537,3.7935553781731857,11.244538487050889
XYZ233063,PGC040548,7.3125215296525505,29.97246754537254
XYZ822889,PGC039985,3.209387782750248,30.908269465712948
XYZ953963,PGC3293423,6.946987012143746,30.021254176385554
XYZ462449,IC3032,6.167355294771014,30.152911934275625
XYZ167540,NGC4660,5.93182654665356,30.04576882770071
XYZ364155,PGC038754,5.481302088482037,30.23125668267588
XYZ527999,PGC039929,8.237212300954614,30.059881884980346
XYZ691842,PGC039468,2.6220278609606162,30.916911675998833
XYZ822917,RFGC2284,18.770212896107402,29.34085943802409
XYZ331414,PGC041193,3.006955517055489,30.77760007744578
XYZ233112,SDSSJ124420.88+060522.5,2.441873645938537,31.022395760532746
XYZ298665,PGC135812,3.09366665210337,30.369089341573613
XYZ265897,IC3635,5.512314499607061,14.399217940470876
XYZ822956,NGC4486,6.753650767813197,8.332788548247574
XYZ102072,PGC042586,11.685427952359523,29.937857052093722
XYZ626361,PGC3294282,12.503161726895403,29.862923231368505
XYZ560827,KK140,3.7532109394330835,30.537394215485513
XYZ822978,NGC4689,19.1354880102447,29.371899070643853
XYZ364229,IC3806,9.114617430430368,29.872235323449367
XYZ593610,SDSSJ122030.92+063823.7,15.924773597848505,29.28831573805763
XYZ659148,NGC4608,5.219594725062861,30.20839562437087
XYZ593620,NGC4587,5.118969424956331,30.328372231081374
XYZ233176,AGC749235,3.7311992027283756,30.70418022727019
XYZ495320,PGC093119,7.048353839117992,30.143979205454833
XYZ593638,IC3331,3.095232737971266,30.761195150001317
XYZ593640,NGC4158,4.578329399820647,30.319087138065452
XYZ200425,PGC040806,1.6294017902040532,31.065211701755903
XYZ462571,NGC4501,2.019944903677476,31.024948446812683
XYZ888560,NGC4620,11.87905971759865,29.622750435389793
XYZ397042,NGC4649,26.007622115931902,29.49095154113712
XYZ397054,PGC042219,17.11574352489683,29.72956943122444
XYZ331518,UGC07396,5.740014602386849,30.5011336023143
XYZ691975,PGC039333,11.457404550774205,29.58975267871602
XYZ659209,PGC040683,12.848863272394352,29.639046804671043
XYZ823063,NGC4351,16.54148254832688,29.26307018777634
XYZ593688,PGC039333,3.5315749385684905,30.443413482977032
XYZ429850,PGC039894,7.408969446872339,30.08797388569017
XYZ790300,NGC4578,5.661732679289852,30.063307614169073
XYZ528160,NGC4488,10.459973165258104,29.907692157813436
XYZ266022,AGC226055,4.211569284012986,30.801994493028843
XYZ364327,IC3571,5.638797529926778,30.11756168030037
XYZ692017,KK111,29.004870076428706,29.202994658062796
XYZ954173,PGC041059,3.6972043497829903,30.228120492903866
XYZ266048,PGC039539,3.5927899391406286,30.771282348374097
XYZ397122,PGC040707,3.4141592772353304,30.70615872598276
XYZ397127,PGC1368352,15.996717348335178,29.351798873699362
XYZ659272,PGC1696046,22.7992259120488,29.294961831135023
XYZ757580,PGC1346685,84.41382061302536,28.393197193732867
XYZ200527,PGC042768,4.652662274732805,30.346772279162575
XYZ364370,NGC4754,8.649082653635483,30.017125679922987
XYZ200532,PGC042400,19.33693781883366,29.15604159213447
XYZ724832,PGC040312,12.13532311027889,29.867704943513345
XYZ167781,PGC037931,4.312097756357976,30.34075340582011
XYZ331622,NGC4478,3.3840928710623257,30.427032914031198
XYZ167787,PGC3091844,4.42196525499251,30.302611311681087
XYZ757616,UGC07906,3.0791297556006594,30.579037713547375
XYZ266108,SDSSJ121811.60+043840.2,15.712585777498111,29.481053509234425
XYZ561029,PGC1133831,5.401021221330857,30.106929819119255
XYZ987018,PGC1383640,15.307819010116653,29.27412896315296
XYZ233358,PGC040408,9.155594946474173,30.295106680537547
XYZ888723,UGC07035,5.138954286139872,30.314196863963872
XYZ364443,PGC040462,4.7874249245775635,30.449862891733467
XYZ724892,NGC4302,2.92184658528893,30.981738280128656
XYZ790427,EVCC0819,5.108368653525237,30.251195166035263
XYZ495520,IC3313,5.6171129177926575,30.257249769959323
XYZ364456,AGC226055,15.673797608251338,29.696948415227727
XYZ495548,IC3383,8.430891004414224,30.078977069313115
XYZ593863,PGC1289726,5.801484117518497,8.240419254752926
XYZ692175,PGC042068,11.984463047085598,29.60626244803038
XYZ135120,SDSSJ121820.56+045113.6,3.9238173860806507,5.780731772472084
XYZ593875,IC3313,5.901306439378445,30.269886085574647
XYZ724950,PGC042626,28.74356161289837,28.994155565128867
XYZ397279,SDSSJ124637.60+221446.8,4.048652048667752,30.55096170378834
XYZ856031,IC3740,5.588958488458269,30.151702434437233
XYZ102380,NGC4402,26.824586873225936,29.326319248138986
XYZ626674,PGC041273,3.984164481655749,30.64202843093696
XYZ200691,PGC039351,5.743466147095174,7.159107276995414
XYZ757751,IC3773,7.1485295170826895,30.172630691185958
XYZ626685,PGC041619,7.580095004023302,30.24344771928005
XYZ757758,PGC1150193,5.740748708056398,29.971321032065173
XYZ233480,PGC039264,2.6471499286689215,30.844194976832323
XYZ495631,PGC040790,1.213533660470969,31.408276756094093
XYZ102417,IC0781,6.583522132970225,29.923346674992114
XYZ725010,NGC4552,16.222316655842207,8.581742124693708
XYZ102421,PGC041167,3.7449250564786434,30.512081410054908
XYZ790552,NGC4562,3.9140358565041233,30.53697367286142
XYZ856091,PGC038299,5.547170326661154,29.988590921515403
XYZ462876,PGC041906,21.014131484892882,29.15517956727692
XYZ790565,NGC4526,3.0108983896701,30.7497912637585
XYZ364583,PGC039018,14.087169893483678,29.61198935013454
XYZ528426,NGC4330,2.397175336952098,30.861309528401023
XYZ856115,PGC040547,12.310861148983316,29.874092807742887
XYZ233528,NGC4455,7.2216944143384705,30.375666772262083
XYZ626749,PGC039647,8.414941533792254,29.97954694708115
XYZ495679,EVCC1141,7.300024148461994,5.945099937360403
XYZ888898,PGC041570,3.549333846911013,30.522718507603145
XYZ659530,PGC041284,4.175870492003252,30.420241473735516
XYZ528459,PGC041807,13.6502447300775,29.196005771411194
XYZ397394,PGC039904,3.8945339392784883,30.40368464286252
XYZ299097,IC3461,4.874541622287832,30.505098986308663
XYZ987226,NGC4438,2.6533227354028677,30.884675503093547
XYZ430177,IC0776,23.19218192142417,29.29278639748795
XYZ594020,PGC043457,5.324756750096556,30.48394737765744
XYZ856166,PGC041697,5.804115402421575,30.374280479186805
XYZ299116,PGC1198892,4.6259280441919515,30.32647015552368
XYZ856185,IC3840,4.366422564854844,30.31429821473071
XYZ299133,NGC4533,9.223943959939838,29.85876114317568
XYZ135299,PGC043864,11.856382538895126,9.541068929997511
XYZ430214,PGC041360,30.829365369092525,28.86609319562323
XYZ135313,IC3259,10.416328238173513,29.41227392632289
XYZ790673,NGC4260,3.4596869990332655,30.518276252877065
XYZ987290,PGC042219,3.6001500546379557,30.878452138420247
XYZ626852,SDSSJ125703.47+092258.9,2.7156836217747524,30.891260492001056
XYZ987301,NGC4336,3.589758844689069,30.633278124503825
XYZ921772,PGC158230,5.016063393594178,30.145248978196523
XYZ856239,IC3059,5.810036581612599,30.33919054595116
XYZ692400,SDSSJ124322.80+054555.2,4.1836887497729105,30.606194644619364
XYZ331953,PGC041515,4.957979221265628,30.390997359102187
XYZ397490,UGC06881,2.000217026791953,31.15059261128231
XYZ135348,PGC040411,4.111681026203565,30.263965115323092
XYZ856245,IC3102,7.852638553245613,29.93599487157831
XYZ659639,NGC4880,4.581544737756684,30.433127441630955
XYZ692414,PGC3111475,4.549444344413885,8.966474348453431
XYZ495807,PGC041603,5.5480883816682445,30.218442002293603
XYZ823488,PGC041570,5.72542570714368,30.492852259790517
XYZ495813,IC3571,2.845385920261903,30.70491307723944
XYZ921812,GR34,16.72408058675437,29.540181707223542
XYZ659672,PGC041136,4.736218064420532,30.516741583224313
XYZ692450,IC3806,1.9006982376037649,31.211088428760462
XYZ430310,PGC040505,47.52490311105211,9.374355377192362
XYZ790770,PGC041697,20.510960491851023,29.46576673482135
XYZ725248,PGC040893,27.093326698374447,28.906362968383547
XYZ987404,UGC07186,64.63250522744828,28.497443608050403
XYZ528653,PGC1249354,8.12770019672358,30.038336321088796
XYZ233743,SDSSJ123102.35+180012.4,7.635508644761409,29.94334992023974
XYZ233747,NGC4578,5.7966309074825135,30.1500946684411
XYZ102678,NGC4316,6.0621770779798645,30.28737780366986
XYZ692507,UGC07332,6.461561645407903,30.20895281093633
XYZ135459,PGC039509,16.73339771906352,29.44524278989843
XYZ430372,PGC039288,3.478834604941741,30.681084338081668
XYZ266533,NGC4624,33.56302927046876,29.001692953405197
XYZ463142,IC3391,5.520964530825969,30.111658953858537
XYZ364839,PGC1170050,9.721254332485788,29.92921390308035
XYZ889136,PGC042318,3.995608115128676,30.32760754693041
XYZ168243,PGC040707,4.237353176171049,30.56996853114547
XYZ299319,PGC039985,4.5993794977165665,30.524864048232562
XYZ954682,AGC229380,4.4206542911387405,30.58432646268345
XYZ266554,NGC4393,4.1684244576925265,30.637708391108244
XYZ659787,NGC4753,5.5115458684846725,30.435112984630553
XYZ528718,SDSSJ121907.33+073805.5,4.688150983249761,30.49374190375063
XYZ758094,PGC038878,15.55094042206312,29.3358027076425
XYZ299344,PGC039902,8.280911641778548,29.958485817328402
XYZ758106,IC3017,2.1566694692244655,30.848695593825678
XYZ233834,PGC044211,4.854039005366399,30.381549917976578
XYZ790892,PGC039711,15.72946743528676,29.491278550089937
XYZ364915,PGC1427916,13.087897552365344,29.794067410829552
XYZ790902,SDSSJ125703.47+092258.9,21.075281688061605,29.241244388826967
XYZ528762,IC3637,2.6525938595484972,30.697992438830266
XYZ299393,PGC041056,4.13577982502952,30.532108228570834
XYZ889218,UGC07239,12.316751285883491,29.876459676324476
XYZ790918,PGC041807,15.24328918930256,29.474903691816845
XYZ233871,PGC043421,4.63330049591248,30.42609703779212
XYZ201114,PGC039542,3.3430617968005487,5.461965785566612
XYZ266657,IC0769,1.6032883724840132,12.291765687426206
XYZ725413,PGC040453,28.7525284296358,29.168098811979693
XYZ299445,PGC1538667,1.824562381081722,30.99236746736835
XYZ758200,UGC07953,2.112303433190618,30.925582926062752
XYZ233913,IC3540,9.853790296493958,29.629374867424396
XYZ922058,IC3049,4.298941260982598,30.393371728960556
XYZ397773,AGC229053,6.675431945329408,29.72060215078014
XYZ102865,NGC4193,5.80442204525198,30.240223792518428
XYZ692692,PGC043940,3.5599688373000484,30.63786203923664
XYZ430549,PGC083546,4.221411099536356,30.42720472153957
XYZ987604,NGC4352,32.3332988570466,29.00478029872682
XYZ266715,PGC042417,3.1125219838564497,30.76017934419371
XYZ627166,IC3305,31.880122888695727,28.973214877643446
XYZ725474,AGC229052,11.60380731926637,29.561644998289616
XYZ201190,GAMA220751,2.8252153713098576,30.87563667026077
XYZ496109,PGC039904,2.238779011876107,30.74497788084924
XYZ856564,EVCC0352,1.482428867276922,31.282186391942734
XYZ954869,AGC230084,11.323358902439384,29.889422591304825
XYZ758261,PGC041356,14.202626232949118,29.592977955283136
XYZ135671,PGC039670,15.448264594228867,29.333468039750986
XYZ332286,UGC07841,1.5445394502019922,31.304599419854167
XYZ561672,PGC041626,4.392605031454479,30.50308895478672
XYZ397833,PGC1597887,2.003717370924303,31.024829918000396
XYZ299528,NGC4688,4.997890599232986,30.31857081017371
XYZ463373,IC3059,7.059100166615292,30.265858327563976
XYZ954896,PGC041137,2.1793489378531414,30.87711166376683
XYZ791071,PGC091215,13.614506160577465,29.477197770024066
XYZ725536,PGC1139671,3.0807651513097194,30.768794617456447
XYZ987694,SDSSJ121527.31+103044.4,65.49874081503042,28.624585983510247
XYZ725553,PGC041356,4.02526455827436,30.491352241383908
XYZ561714,NGC4436,8.165942789135647,29.881560356736617
XYZ234059,PGC043261,14.442599755906006,29.72881328110392
XYZ725581,IC3509,4.478580615736293,30.582116032483984
XYZ102998,IC0809,15.744496352689566,29.402118126613853
XYZ627287,SDSSJ121159.46+055502.6,9.622864377909222,30.0701282991611
XYZ856664,NGC4370,51.621236121185746,28.454336935365237
XYZ299608,PGC041056,21.53066869587186,29.35457851257945
XYZ397915,NGC4651,5.70029944348724,30.29481709126527
XYZ561755,PGC1696046,2.1356745152111793,31.108380286486355
XYZ168543,PGC041345,3.5279150922877545,30.960100672347163
XYZ299616,PGC042350,1.788171971577516,31.181706939704856
XYZ987745,IC3032,9.460936589599312,29.98139143599306
XYZ528991,NGC4200,4.888742308350539,12.008393917462659
XYZ594532,PGC040687,0.9206101933224229,31.519094366618003
XYZ627308,PGC039230,3.717893637450257,30.49754662204052
XYZ234094,PGC041056,7.211469989078269,30.217942394025386
XYZ922223,PGC135807,13.15637556851947,29.57861168024609
XYZ201328,NGC4539,4.146548551513448,30.39248517106578
XYZ103027,PGC042945,4.94630072416769,30.29100281542327
XYZ627317,UGC07239,3.554673992587495,30.70266737764261
XYZ791169,IC0798,2.145400518634449,31.070128417519577
XYZ856706,AGC230077,5.2775749995054815,30.467844915046978
XYZ201348,KDG118,9.730154042024157,29.872707724023297
XYZ299653,UGC08011,3.894476260883441,30.52541789811667
XYZ987786,PGC039515,13.044614880814818,29.90475872023066
XYZ856714,NGC4550,2.361000760102935,30.806636444515007
XYZ496268,PGC041664,2.1884443764088974,9.309708352222646
XYZ955031,NGC4067,24.46033955736485,29.103131646862106
XYZ889499,NGC4282,6.2192826835646,30.015885754062936
XYZ561822,AGC225849,41.44660794207278,28.874817089895664
XYZ397987,IC3073,4.222100173930934,30.398400029836232
XYZ135845,PGC041907,2.4001785173540373,30.945960543173378
XYZ430757,PGC039501,1.4263548395633339,31.221101903165867
XYZ299688,PGC041056,103.40566948818982,28.114090411470663
XYZ529067,NGC4411B,5.820020406427392,30.268204832785486
XYZ463546,UGC08382,1.9041551867473645,31.466267462969398
XYZ889537,PGC041571,13.182153638724577,29.6498476891177
XYZ725703,PGC042378,18.52695396036985,29.232508752433127
XYZ758481,UGC07035,4.257334573972442,30.653706627122652
XYZ725713,IC3019,20.571042559004205,29.373367540874295
XYZ103126,PGC042553,4.825982531237068,30.605569521141653
XYZ299735,EVCC1141,14.60903292745692,29.70791229213946
XYZ791262,SDSSJ120950.58+125411.4,4.7956606351939,30.666666172948837
XYZ955107,SDSSJ121210.92+025255.6,4.26892916645867,30.552179565757626
XYZ266983,NGC4429,4.118939900453295,30.470297302146417
XYZ987886,SDSSJ122204.66+074422.0,7.496727525076196,30.15085354013324
XYZ103150,PGC1291858,8.954381228355969,30.21181645978453
XYZ922354,PGC042381,29.845684434549042,28.942079513278625
XYZ889588,PGC3294456,2.038888596642373,31.021377728760154
XYZ529151,PGC041180,10.999962209513475,29.872054168393134
XYZ824064,PGC3111475,4.153053333575423,30.41088381714569
XYZ463620,PGC039144,13.815936080094078,13.017930428317328
XYZ856845,AGC732245,6.172464886145336,30.336168296850204
XYZ791312,NGC4376,6.1609368531798205,29.988799195837554
XYZ824088,AGC224696,2.2935366848215324,31.15800645173916
XYZ758557,NGC4474,114.41686443596336,28.042712247286275
XYZ332574,SDSSJ114843.14+171053.1,5.817366246449872,30.370499330038253
XYZ201515,UGC07590,23.801905566362112,28.87879912059392
XYZ955185,PGC040631,3.8847846930590837,30.21684024535248
XYZ561970,SDSSJ114931.03+151539.7,4.028524314784554,30.52299238286048
XYZ234297,PGC042454,2.5184852640661695,31.191358010008425
XYZ693051,SDSSJ122020.13+094750.0,52.197052444324534,28.554166591773704
XYZ561992,PGC042417,14.234297467620689,29.75360824955342
XYZ299858,PGC038835,6.167999247007552,30.156560736970604
XYZ562010,NGC4492,5.818981998747597,30.18860778857551
XYZ922468,PGC040732,11.666899092157195,29.676553379486975
XYZ725865,PGC213995,3.3201155531732054,30.80280491629819
XYZ365424,NGC4266,9.862779639784748,29.69238976592469
XYZ136054,PGC1327818,6.865710610760284,30.29084961381999
XYZ234361,NGC4791,4.226573775990897,30.474944816717382
XYZ332666,PGC041191,5.124594011999446,8.544238973861681
XYZ725883,PGC040548,4.820677863522817,30.641341136136475
XYZ430978,NGC4565,9.860491757117686,8.068457119004634
XYZ332678,NGC4698,29.010433465786086,28.83385804863095
XYZ889744,NGC4845,4.839634522729278,30.46548166261718
XYZ136081,Mrk772,5.825107730313244,30.352342885933073
XYZ201622,PGC042717,6.236318454578965,10.294754937102368
XYZ955286,IC3517,30.208541686872152,29.044379220324537
XYZ889752,IC3742,13.266658246865072,29.63178630149477
XYZ267171,AGC226030,5.602537508253651,30.27487370441534
XYZ889768,SDSSJ121707.14+074401.9,3.586065882134982,12.074237270029208
XYZ398249,AGC232137,4.293951097706755,9.7114876530318
XYZ234409,NGC4438,17.132303712882763,29.54427248554536
XYZ431026,NGC4568,7.476943056636833,29.972032908760102
XYZ889780,PGC039255,7.832518534260042,29.68176734735367
XYZ299968,SDSSJ121444.59+124722.7,5.70248028393964,30.177027093059717
XYZ136133,NGC4452,4.240520089249201,30.366528567721954
XYZ627654,PGC040659,5.868481958680985,30.402175831814503
XYZ889802,PGC043051,6.447424094595137,30.227988175697458
XYZ955343,PGC041647,5.796479795328817,30.284086464510125
XYZ168914,PGC041360,11.334859012373636,29.69843796855861
XYZ660436,PGC041264,14.804254172152788,29.56056703942215
XYZ627671,PGC1214263,43.06354183269956,5.691726946862751
XYZ496605,IC3059,29.668180074296426,29.126234595518817
XYZ725984,PGC042225,6.337178989820471,30.317057452532012
XYZ103397,IC3063,21.299576333533995,29.21817035778185
XYZ562151,PGC040157,2.9276850181429475,30.614651455790533
XYZ758760,PGC042257,1.7043049027120691,31.267413545081414
XYZ660458,PGC1207559,6.068258211902837,11.376252007286979
XYZ529390,PGC044517,3.5251785812923906,30.485259186839514
XYZ627700,PGC041695,8.056206127384328,30.05399265259502
XYZ824308,PGC042132,13.672003675890826,10.386699570821182
XYZ201718,PGC040096,3.2431406342743707,30.64285076234755
XYZ594939,PGC042723,6.43723382364605,7.667618970688199
XYZ431103,UGC07688,6.897913784743494,30.15881970373745
XYZ758784,PGC1380373,6.837398985661877,30.09335801755921
XYZ562176,PGC040274,8.281168391250144,29.637804321976226
XYZ693251,AGC229053,32.93225268110605,28.822940164896117
XYZ562183,PGC5065931,5.8138161166333795,30.384468926906397
XYZ726024,PGC044215,41.62774455977197,28.71835561310656
XYZ857100,UGC08085,10.745637562690261,30.081320781864548
XYZ922642,PGC3296254,9.980202051814723,7.879904698091554
XYZ791577,PGC041214,16.596556746851448,29.51759615516785
XYZ234524,PGC039996,2.577418641693462,30.710193376032155
XYZ398371,PGC040414,7.5081101026853885,30.00620399026201
XYZ136236,SDSSJ122454.85+164839.1,28.983800382313515,29.166692726463435
XYZ365620,KK183,3.060955258399251,30.621749831449073
XYZ529468,MRK1313,15.50344799777067,7.703845228807442
XYZ824394,NGC4608,69.9324970008543,28.1299570537419
XYZ234573,PGC042547,6.610230399491163,30.304348144550104
XYZ398420,UGC08030,2.978031217928816,30.82896128503331
XYZ365653,NGC4497,19.002486527127115,29.339725788735176
XYZ463961,PGC135807,10.859406408894689,29.688430030642476
XYZ922724,NGC4416,4.410791394304634,30.733356384240913
XYZ234600,PGC042046,14.863561005267083,29.658450531979373
XYZ595048,PGC042978,3.3306245532676173,30.622313433175353
XYZ169067,PGC3294282,8.832581601318749,8.558409154044739
XYZ922734,PGC135814,4.782968438477562,30.364879714653767
XYZ922737,PGC043072,29.55967047834473,6.228034115160007
XYZ758898,PGC040889,5.060780212161357,30.01126835893495
XYZ660595,PGC214037,3.4442074367478024,30.62523795084686
XYZ660602,PGC1159978,10.700882599376577,29.813438466449476
XYZ398460,PGC041840,6.4299211472676046,29.970873848841556
XYZ300157,PGC042072,5.555158545076662,30.261725350291393
XYZ791677,PGC041084,6.381035296078732,30.286815342357652
XYZ398465,EVCC1002,39.90415040598587,28.654474615673376
XYZ136322,NGC4659,4.663746562739732,30.26178759607468
XYZ103562,PGC040814,5.8013091672847095,30.35427597250866
XYZ890026,PGC1187621,8.912481293693972,29.865758630893502
XYZ595120,NGC4595,4.577236989615226,30.565959915728886
XYZ398516,PGC041191,6.582256315174684,30.13972252862321
XYZ791734,NGC4559,5.302263377104642,30.38680062962159
XYZ496825,NGC4670,5.9804885704851465,30.495505220433632
XYZ627900,IC0783,7.578617992714913,30.005189891576787
XYZ791743,PGC1289726,6.504300162020854,30.096933402244655
XYZ955584,NGC4791,7.93120230793189,29.804954248381012
XYZ496834,PGC040969,8.470492860701341,10.840247697537986
XYZ955587,PGC038899,85.88834191163329,28.098220231950318
XYZ726225,NGC4762,3.1370913952501382,30.351067596776762
XYZ201941,AGC225882,83.77729528891565,28.18817456731229
XYZ300248,IC3322,6.783418891381164,30.05147500782962
XYZ726233,IC0755,4.955787829434572,30.14600362205081
XYZ398553,PGC040946,2.382291248803072,30.854574413104526
XYZ791772,PGC043183,13.294354446126476,29.7666464783402
XYZ595174,PGC135812,4.629891611504545,30.40373472556016
XYZ267494,PGC041495,3.862372104968242,30.54746577362909
XYZ333030,PGC1249354,4.759522669208413,30.296169913069367
XYZ759020,PGC042091,8.346642036548916,29.830635696933353
XYZ759027,NGC4641,19.020480386761186,7.571256080091391
XYZ857341,[TH2002]230,1.2936212545934915,31.40807024047336
XYZ988418,PGC041831,11.303106147611862,29.659720499873945
XYZ103688,SDSSJ122243.57+052723.0,6.83297266913197,30.215287431002505
XYZ103700,PGC040844,23.26843880893615,28.970932905054063
XYZ202005,NGC4649,5.0433361914563335,30.699106655058056
XYZ857370,PGC040453,4.990071628269012,30.393078311239055
XYZ562466,SDSSJ122054.58+032409.7,7.998248017687321,29.965771123674052
XYZ595235,IC3061,1.9579426401042435,31.03476257254029
XYZ300329,NGC4436,5.751721684526321,30.387603066726133
XYZ431412,NGC4552,5.620662323460196,30.277202475250746
XYZ693558,UGC07854,12.998767643134194,29.725709384551585
XYZ628025,PGC1528400,5.5215589452489615,30.604233894544958
XYZ562499,PGC043864,17.33150314194637,29.556817641053513
XYZ791879,PGC3295235,15.563547001603029,29.41911779748856
XYZ365907,PGC169451,9.545184731461006,29.918159595828143
XYZ628056,UGC07370,4.988282211405672,30.333161606512395
XYZ791897,PGC042758,1.3522293184489471,31.554079393344065
XYZ496995,PGC214037,15.110536017961902,29.682166176740736
XYZ660840,PGC040096,9.562565444720644,29.910729464619997
XYZ529771,SDSSJ124637.60+221446.8,17.13747049125535,29.66370752808428
XYZ529774,AGC227974,1.4125172976981348,12.316815933098095
XYZ365936,PGC2806927,1.9166771343546287,31.116445718106803
XYZ759159,UGC07906,23.247764551387025,29.098888103684832
XYZ169342,AGC225876,14.542920806727768,29.586302402211455
XYZ136580,NGC4630,23.147729748440938,29.061481273539833
XYZ955783,PGC040461,5.532084427030036,30.26926892348508
XYZ529803,UGC07953,13.535284057912177,29.487679468016683
XYZ824719,NGC4394,21.236350530852963,29.116235024654777
XYZ562579,NGC4670,2.589821381331772,31.00972839885095
XYZ955795,PGC041454,2.152641326335152,31.04770936548866
XYZ726424,PGC039863,6.7457797426207575,30.171274344820148
XYZ726425,SDSSJ122155.85+174052.5,13.242041614014028,29.63566096963431
XYZ693679,PGC043119,15.216216538089554,29.36808550885886
XYZ628150,PGC1234100,3.45732677459058,30.668249672746335
XYZ890298,PGC039292,6.045787091507133,11.21357696374977
XYZ300484,NGC4569,16.63709636270375,29.40011194894592
XYZ234949,SDSSJ123634.93+033831.3,9.86555457167035,29.653928675022314
XYZ464330,PGC043072,2.1154127529169537,30.731221468478225
XYZ824785,PGC083546,25.362517516939956,29.054598500104735
XYZ824788,SDSSJ125208.90+030714.6,3.727381553827877,30.495346228621557
XYZ890325,NGC4431,13.210621258305002,29.694560670193912
XYZ464344,PGC037802,7.278299916372174,30.093541994704417
XYZ792024,PGC038872,4.044845309232432,30.417619274472887
XYZ693724,NGC4442,5.0064651010049355,30.15335601752109
XYZ759270,PGC093119,10.491762905915843,9.09334098554842
XYZ890344,PGC041695,6.636409638004095,30.085477877572536
XYZ759276,NGC4222,9.175336328211861,14.272881675254819
XYZ890353,SDSSJ124042.09+054856.1,3.0522986512836305,30.77640079380595
XYZ693746,PGC041697,5.9843876110153,30.24263014861995
XYZ300534,UGC07991,3.7393048530392132,30.419215812975832
XYZ136694,PGC039488,3.2971099648569013,6.801881829382317
XYZ267778,PGC041264,4.620493289935917,30.315127647053806
XYZ529924,IC3478,6.786813515420027,30.246184339896637
XYZ529930,UGC08285,3.0673650363876153,30.61974506176839
XYZ300561,SDSSJ123340.31+124413.5,4.031400170623473,30.56305705146768
XYZ136728,NGC4330,3.522079989913638,30.486123591003523
XYZ202272,IC3617,7.122669609544227,30.0665076517472
XYZ759345,PGC1108616,66.62563325721419,28.44848000123518
XYZ595505,NGC4565,8.102225112013222,29.973038488315204
XYZ497205,PGC042902,20.709531092229142,29.385483946750334
XYZ562745,NGC4765,2.4456490628218535,30.73082803343148
XYZ988730,PGC041433,18.44705023732846,29.429860889451124
XYZ202299,PGC039008,11.234548938555083,29.57682389533698
XYZ857661,PGC040913,5.752203048044027,30.41162720616365
XYZ497215,PGC038771,2.182686078531853,30.744998618613455
XYZ792133,PGC041433,1.2033592484525442,31.381972662213474
XYZ202317,SDSSJ121828.33+060433.9,4.8639800796374235,30.157377581779336
XYZ333390,SDSSJ130440.05+184438.7,5.6059662440353435,30.32093591916527
XYZ923216,PGC040424,7.930895701867469,29.871588542019317
XYZ988753,IC3571,6.966173817122041,30.02727297188904
XYZ955987,[SDV2005]230,9.759893644482094,29.768157848691256
XYZ726620,PGC040906,3.013628450878605,30.901617911934498
XYZ857694,EVCC0352,4.247574638103049,30.538037542199756
XYZ923232,NGC4423,15.316738187017163,29.60829332738491
XYZ726632,SDSSJ124142.58+243105.0,3.4181866280843947,30.2667139836452
XYZ956009,PGC166122,3.888666765763337,30.71050625795532
XYZ988780,KK169,14.987665987170447,29.464259393591703
XYZ661105,PGC041391,9.90025552318962,11.224765244613781
XYZ300659,NGC4503,14.098238832055246,29.83640482936893
XYZ169592,PGC1337184,5.230043559666022,30.244104801568646
XYZ923256,UGC07133,11.639210079184803,29.642091652731594
XYZ267914,NGC4592,4.846371480762459,30.187724774172843
XYZ366229,PGC041994,12.50338585654164,6.1027734755621275
XYZ890517,IC3100,3.909904009091435,30.803945022728914
XYZ562839,SDSSJ124936.90+215505.7,3.774162270836058,30.89233777241048
XYZ431773,PGC041130,21.257387403542122,29.351495857015685
XYZ661149,PGC041835,4.0062846321606695,30.405647873368668
XYZ104099,PGC041091,3.961446154892489,30.597074397255877
XYZ104101,UGC07411,5.787020395066286,30.239642964834772
XYZ300711,PGC041607,5.517523023864253,29.986630690689875
XYZ136877,PGC3296254,6.873862522108742,30.377893356066565
XYZ104112,AGC229385 = ComaP,13.506718988687155,29.584519173899235
XYZ595635,NGC4559,5.831180798656144,30.23928564399632
XYZ595643,NGC4431,3.32520507822518,30.457445047372698
XYZ628416,NGC4436,12.783525760751377,29.5625567226196
XYZ890567,NGC4179,13.144273952487174,29.679040123172996
XYZ530130,IC3474,19.908942386831058,29.11964260569165
XYZ693979,PGC039260,10.571595839458293,29.779980040803288
XYZ169692,AGC749454,4.71555969045778,30.477124049706358
XYZ726747,IC3735,7.628430957213826,29.90156863980186
XYZ628450,NGC4380,8.913001791439406,30.155582966319677
XYZ431842,PGC1136400,3.5348559809392355,30.50454039587251
XYZ136930,PGC039606,28.03374678270929,28.925044124044742
XYZ661232,PGC042219,21.585732641879428,29.543754669201608
XYZ562948,PGC3294233,2.967764782432183,30.868910106970798
XYZ169732,NGC4390,7.859886912221517,30.06434132229707
XYZ366342,PGC039985,6.020930526011381,30.173318202347016
XYZ694029,PGC042553,1.2229510674492814,31.4577947234857
XYZ562958,PGC1267592,11.316345286247476,6.6008277555567005
XYZ497426,PGC040491,13.624294900383932,29.69127536331436
XYZ694035,PGC040444,7.812063819676004,29.939318660155056
XYZ497448,UGC07976,6.367540241303638,30.1578392824634
XYZ661296,PGC042257,13.215926966281394,29.499446630787606
XYZ399163,NGC4469,7.752494146156309,29.92568236104203
XYZ661310,VLSB-D,7.84922825646167,30.059830914877953
XYZ399167,IC3131,20.141980844200987,29.165406214423662
XYZ923474,PGC039621,3.400956529071623,30.69708450398242
XYZ661331,PGC1132599,5.151779745704296,30.260822214345133
XYZ792410,NGC4440,2.3006359487253274,30.757999835679353
XYZ661345,PGC041196,2.8963164173569456,30.710503082499937
XYZ333672,PGC042547,2.125378302326494,30.739361227051447
XYZ923506,IC3475,7.562048311104784,30.0924180979914
XYZ759678,PGC041144,1.8221185919429492,31.000719258100826
XYZ366465,KK177,10.390628471188265,29.627152370574475
XYZ923526,SDSSJ125046.77+045323.7,9.294479329934637,29.751957486229387
XYZ759694,NGC4480,4.2702710816662375,30.51681560403151
XYZ268176,PGC041264,7.371853009990304,30.077021335486396
XYZ661394,PGC041874,7.195581669471801,8.404080371547735
XYZ923546,NGC4634,4.405241401055577,30.416315605249608
XYZ989084,UGC08276,7.443323033158425,5.751061704500334
XYZ268192,NGC4032,13.00855692337427,29.803294868988417
XYZ137121,UGC06670,3.3899771562017795,30.67905366909607
XYZ661414,PGC040732,4.678245046954119,30.218661752984485
XYZ694184,NGC4551,6.7462415926650365,6.700244767070899
XYZ792498,IC3365,5.377966182423725,30.135380524878876
XYZ530360,UGC07802,4.992628377073208,30.326377813047262
XYZ169913,PGC042059,11.675726863172473,29.714386502541142
XYZ169915,NGC4353,5.959819182514623,29.939105451356994
XYZ300988,AGC225849,7.84781912585059,30.051786799035973
XYZ923582,AGC229177,4.337577048800906,12.26042984382341
XYZ694207,NGC4569,4.707678450631707,30.27789813292973
XYZ726977,NGC 4269,2.464955562836439,30.72632942332311
XYZ563143,PGC041345,8.993071713953956,30.143127894245474
XYZ202700,NGC4880,7.366098104975518,7.0434132522014
XYZ858065,IC3391,10.805097694014929,29.53730961942538
XYZ268242,AGC225876,7.196436790357945,30.027603440887116
XYZ268244,NGC4267,19.14445016842589,29.38833000416331
XYZ432089,GR10,15.5825167822711,29.581644192295553
XYZ399322,NGC4374,1.4856887747280838,31.23210267408889
XYZ268251,IC3492,6.411112890436775,30.267913795493733
XYZ137185,KDG141,29.765607446887884,29.170311821563825
XYZ268265,IC3571,5.071583819933672,30.288642737724548
XYZ202739,PGC040906,3.6001493801451554,12.735827245288576
XYZ595961,NGC4477,13.827275968286347,29.812782254761643
XYZ694272,EVCC0259,6.215727071785333,30.155016787054805
XYZ268288,PGC040835,2.4953411592752524,30.884889575697382
XYZ890884,IC3806,8.626090448730121,30.01841461169857
XYZ661510,NGC4318,15.564879430830505,29.539439474407803
XYZ333830,NGC4339,9.795077662594254,29.83379962758182
XYZ989192,NGC4305,3.107613746831639,30.63890473109053
XYZ268297,SDSSJ125736.51+091846.1,3.677601832692741,30.512823018569442
XYZ268298,PGC1292607,26.33600725278193,10.222605635193695
XYZ727047,SDSSJ123044.76+054919.5,1.4939696950864174,31.329149805752195
XYZ104463,NGC4200,6.244709211280963,30.218549825979416
XYZ530448,UGCA294,11.46065401134308,11.123794251235768
XYZ661522,PGC040422,2.90848504607099,30.675761511157315
XYZ792605,SDSSJ123109.18+181311.8,4.5531095293649955,30.46826416601513
XYZ202790,NGC4880,0.9899839024602533,31.594243911400973
XYZ923702,NGC4522,9.8347960634248,29.79912286767395
XYZ989241,NGC4316,2.557597183644194,30.95431850946809
XYZ497725,EVCC1194,7.442047250073772,29.8710784792186
XYZ235587,PGC041185,6.370974536756577,30.256146271364134
XYZ563274,PGC041770,6.196270825408414,30.192014716021312
XYZ596047,NGC4452,16.74915611102581,29.70362907026618
XYZ464975,PGC041196,15.43669280686415,29.412227285895888
XYZ530523,DDO154,1.1255582463596019,31.697538488288455
XYZ923742,UGC07824,6.921337712755336,29.9685737315231
XYZ890974,NGC4249,25.206735867800475,29.118032059513354
XYZ235616,PGC041180,5.471443630032798,30.445736022975588
XYZ333929,AGC229201,7.284160674013535,30.140988006158025
XYZ694385,PGC039845,4.308847807296583,30.59984750840137
XYZ858233,PGC040631,18.400814673173397,29.33801115959579
XYZ858239,PGC041917,3.862374438773241,30.383050599497974
XYZ825472,AGC219539,5.151590597106859,30.308483774322923
XYZ432257,SDSSJ121444.59+124722.7,0.9223329687919006,31.55225591735974
XYZ825476,PGC042668,11.044147251399421,29.768009811081168
XYZ727182,PGC1427916,7.980665784438895,29.852995563770286
XYZ497821,PGC1538667,6.549226614377941,30.181164843625016
XYZ891047,NGC4498,6.510532293824979,30.007478265264083
XYZ202932,SDSSJ124042.09+054856.1,11.184998410612515,5.458749664281822
XYZ891068,PGC041144,1.5804263176836655,31.269271002505207
XYZ268478,SDSSJ115220.20+152736.2,13.401193096099684,29.319449994592805
XYZ563392,PGC040598,4.423648254417722,30.416049184193195
XYZ235714,PGC039647,3.8447412587274266,30.401642777683584
XYZ301252,NGC4273,2.362313863338946,30.57962454582006
XYZ202950,UGC07394,5.834640432413215,30.26177685716556
XYZ989386,PGC041959,5.362117949633969,30.390312307504267
XYZ530638,AGC742507,0.8644959075893883,31.820412887431203
XYZ727252,PGC040548,13.053875421473004,29.84676882696004
XYZ334066,NGC4612,11.828468817961953,29.734414711580232
XYZ465141,SDSSJ121309.41+133503.9,9.093344815233241,29.981893910775387
XYZ563451,PGC1120414,25.743361957013008,29.232685127632372
XYZ334079,SDSSJ122358.19+072701.7,21.606046173842383,28.88819677288151
XYZ268554,NGC4502,3.763079268401164,30.494106942373758
XYZ989451,PGC042114,6.327306665744504,30.191776679575405
XYZ104716,SDSSJ122013.89+050106.1,34.814743778494964,28.657683012411134
XYZ334094,PGC043392,18.391829889975824,29.327819288992842
XYZ170256,PGC038899,21.50339976733694,29.114608327110435
XYZ629011,PGC039692,3.9755314214733306,30.34281491754084
XYZ891157,AGC749241,32.48237696126245,29.053514708496984
XYZ989477,PGC1519757,3.4490254631735935,30.385180632730396
XYZ268591,PGC041259,8.011947751932617,30.027074496147613
XYZ399669,PGC039532,5.261283272708157,30.52384111932129
XYZ923959,UGC06747,4.599083451562333,30.516383300943467
XYZ989500,SDSSJ123102.35+180012.4,33.78442938130941,28.692032356537833
XYZ694594,PGC3090638,3.9849207625614005,30.67269561551141
XYZ727363,NGC4642,8.084105555738594,30.012172214229516
XYZ661831,AGC220133,13.731645943846289,29.657908059736698
XYZ301388,PGC042812,11.15863811970605,29.487846036099388
XYZ432465,PGC040803,21.468476043602827,29.076650829906452
XYZ203090,IC3475,5.0962012860737875,30.49705547395492
XYZ891218,PGC040841,13.463367915110005,29.425099496526197
XYZ694613,PGC3296254,5.764802075035689,30.297466731418897
XYZ792925,PGC039501,9.919940214746434,7.793151484974473
XYZ792931,PGC1355373,5.552625139582248,30.34544916399393
XYZ301421,PGC1664006,11.948160685635555,29.723223618077967
XYZ629102,SDSSJ121811.60+043840.2,4.851438869884777,30.38035698912872
XYZ530799,IC3305,12.819036512841553,29.64115520570936
XYZ334189,NGC4450,15.757223051233536,29.56799564296316
XYZ137588,IC3510,1.8467215410388647,31.154511198905283
XYZ727413,PGC1724251,11.009818815898665,29.8855223015091
XYZ661889,NGC4216,22.480045732975924,9.554096347096284
XYZ760198,NGC4467,1.4728842476206783,31.592655809920792
XYZ629127,NGC4293,8.355607103650646,9.36603385163193
XYZ301455,PGC089680,5.289800252870269,30.36781225452184
XYZ104848,NGC4488,14.608152696330789,29.70258205032756
XYZ563607,SDSSJ122613.89+035013.6,3.697625362668176,30.636935972735785
XYZ694684,EVCC0259,37.71754135242805,28.785270498523257
XYZ825760,PGC1159978,3.2175661700818536,30.622421192649657
XYZ858530,SDSSJ124654.54+022135.3,5.3616949496573465,29.991885148417346
XYZ727471,NGC4330,4.741498116907032,30.433594767579496
XYZ137660,EVCC0580,49.22762249903095,28.79727525707645
XYZ661956,PGC1207559,28.300795510397517,29.133344738498728
XYZ629188,NGC4845,12.763526875882343,29.71519118079368
XYZ203210,PGC042497,8.798367589017433,29.74420046641314
XYZ661965,PGC1359187,10.01149627366692,29.73285818692134
XYZ137679,NGC4239,5.18757350551051,30.447369788957737
XYZ760272,IC3471,13.412466299876844,29.387275698477456
XYZ760280,SDSSJ122056.32+051120.5,37.90806380325611,28.765078000640905
XYZ530906,PGC1120414,4.380942666680296,30.509050239247784
XYZ170469,NGC4215,3.3638437337935363,30.640544424753188
XYZ301543,IC3470,26.319676663416107,29.23970276075061
XYZ203244,GR8,97.9812775476832,28.20384150565982
XYZ891375,PGC040588,15.418280772915331,29.788381024241254
XYZ662005,SDSSJ125703.47+092258.9,4.330417342000174,30.38558381252278
XYZ498178,NGC4639,3.94482653634952,30.61113659265173
XYZ203273,PGC040046,3.8347059252747733,30.368310639205685
XYZ432656,NGC4324,7.935620715542539,30.035103902414992
XYZ334352,SDSSJ130440.05+184438.7,4.273638138939515,30.435317824769772
XYZ530966,NGC4255,5.909113923174298,30.45629836737866
XYZ399901,SDSSJ122927.63+055825.0,36.665736618816176,28.79515169330462
XYZ891422,NGC4522,3.0885902592229777,30.798384209074683
XYZ203296,UGC07531,4.071028768484153,30.391449841780112
XYZ137767,SDSSJ121443.03+103159.1,6.298255604478672,30.105619882115786
XYZ793131,PGC041432,2.45188012447331,30.937333277193964
XYZ793135,IC3311,12.018917540338036,29.387188353383713
XYZ596528,IC3806,4.020893249170645,30.558622319559973
XYZ465464,PGC039296,13.010299232364964,29.545405168203043
XYZ596537,UGC07584,6.987554025680533,30.129135592934453
XYZ563773,PGC040469,27.944136305263132,29.13134795701707
XYZ694847,PGC039971,5.780112297686996,11.134770058071215
XYZ399938,NGC4598,4.84451134818059,30.16527132304048
XYZ825930,IC3586,2.2286779775657477,31.30875710210645
XYZ367195,PGC038771,4.943555988672921,30.203025437064824
XYZ563809,PGC1519757,44.94113955167316,28.501249645868086
XYZ957026,UGC07780,3.675757148544083,30.586391452701598
XYZ301665,IC3381,1.355032734972212,31.36875236262532
XYZ498287,PGC042332,5.178873788607477,30.264565194358617
XYZ924279,PGC1376175,24.89256489629176,29.06471648207765
XYZ629374,SDSSJ131347.30+100311.1,4.3240921856189045,11.264093432488288
XYZ825988,Mrk772,3.799625348119175,30.43444401041066
XYZ727687,PGC041716,4.791480367420641,9.303612976454374
XYZ563848,UGC08042,5.2489114741529646,30.425322654455236
XYZ236170,PGC040838,3.6571532774608544,30.64966268100268
XYZ989837,NGC4406,13.835604812817039,29.466775941485672
XYZ531089,PGC043285,1.847190485864677,31.2119370400146
XYZ170661,PGC040491,12.36165212333222,29.577977591815745
XYZ203431,UGC08056,25.852197606309762,29.088007595992327
XYZ105130,PGC039052,8.758858414622607,29.88866928179364
XYZ793261,PGC040972,6.3414313171763,30.290263679987685
XYZ170671,PGC135807,6.227306853926574,9.234326628839998
XYZ760496,PGC039905,9.852463289659923,29.775142799513134
XYZ694963,PGC040672,11.573957138432556,29.729949089299367
XYZ727732,PGC039660,15.098251805995265,29.532716869167675
XYZ334517,PGC039533,4.182562657594784,30.553833766648257
XYZ727735,PGC040615,4.129017926326752,30.45623191470173
XYZ334523,PGC040554,2.007931054225757,31.0544925405686
XYZ662206,UGC07236,6.995078030283032,30.25854708667961
XYZ858816,PGC041370,3.7482413779787906,30.654184499879218
XYZ957125,PGC042318,27.880892590039053,29.146350366720565
XYZ301766,PGC041395,2.4291576906059094,30.8551574336799
XYZ891592,AGC229379,9.336492634138878,30.163947909243717
XYZ334537,PGC042008,11.071101166954232,9.978134966546254
XYZ891594,PGC1441122,6.605007226551483,30.214398744251717
XYZ498379,NGC4336,4.428101664456027,30.522655137391183
XYZ236236,NGC4753,28.657502625561914,29.167084329068047
XYZ957142,PGC042757,1.765961283347487,31.20579172401306
XYZ695001,NGC4268,23.266098484003518,28.884869735570565
XYZ137953,PGC041237,31.748908339656396,29.12685837724727
XYZ924386,UGC07710,48.629488590944234,28.558502684142574
XYZ727780,NGC4212,8.860932206340625,29.784682376435338
XYZ989930,KDG177,20.060104756717365,8.859875426915114
XYZ367343,NGC4580,12.825509099504114,29.427637069754034
XYZ760573,PGC1355373,3.6970776866255948,30.4208772151688
XYZ989957,NGC4267,1.5291365214685126,31.380504794562224
XYZ596753,SDSSJ124322.80+054555.2,1.906649406260807,31.106993162439345
XYZ531223,NGC4206,8.651820876599837,29.86782503770069
XYZ367387,IC3033,19.965531989179294,29.135849037771276
XYZ203561,AGC225998,12.749188898542627,29.76982672403055
XYZ269099,PGC040512,4.377065068507806,30.294402628441603
XYZ629548,PGC042110,6.662901791913569,30.01363795376027
XYZ334640,NGC4222,12.755597753653513,29.754046750432465
XYZ531253,IC3393,2.830938065285645,30.843670685216416
XYZ367414,SDSSJ121141.87+131146.7,1.3908107416057112,31.492409004079807
XYZ891701,SDSSJ122927.63+055825.0,35.223290952942484,3.705280031408595
XYZ695102,UGC08085,7.115945837347159,30.32733064288503
XYZ334667,AGC229379,2.071583313622788,31.33207172817325
XYZ695116,SDSSJ121240.72+065027.7,11.135371653949587,29.630308865368022
XYZ170830,NGC4533,4.811081090417905,30.36983063801366
XYZ826193,RFGC2285,3.539784315631466,30.783603183552525
XYZ432985,PGC040462,19.79843485894031,10.341300841405282
XYZ727898,PGC042609,4.3437212151252185,30.743815347974632
XYZ432990,PGC3294218,3.3603600317245643,30.65508502407781
XYZ465760,NGC4436,15.25669882508292,29.465228245820615
XYZ170852,PGC038844,2.2582254713784287,30.842378044903718
XYZ858980,SDSSJ121804.89+074444.9,2.360737808496082,31.013043773217372
XYZ531344,NGC4277,42.92928489690648,28.428282820734196
XYZ203666,PGC042211,3.8705973889750145,30.701471952425294
XYZ957331,PGC040913,4.169979411344824,7.5157085673230135
XYZ662431,NGC4762,3.1271963579626196,8.13815652291327
XYZ400288,NGC4497,1.5812625337413464,31.13031506258089
XYZ138149,IC3155,4.011257535727709,30.44983955897051
XYZ596907,PGC041185,7.074863033628464,7.196729433322268
XYZ138162,NGC4380,4.702985981671148,30.5449636431517
XYZ367539,UGC07512 = LV,22.916429763142236,28.926237260781733
XYZ170932,AGC224696,5.611764727055759,30.417636534260474
XYZ990141,PGC135809,2.8204829873582855,30.83404332918129
XYZ629702,PGC041263,29.01551077470991,29.18809128316335
XYZ170951,DDO156,13.669606684346057,29.521928033107795
XYZ498630,PGC1337184,7.850579802326533,7.487988487515764
XYZ236489,PGC135803 = HIcl,3.899731296472874,30.33400339746851
XYZ793547,IC3131,6.26309243777611,30.01699708111759
XYZ105420,SDSSJ124936.90+215505.7,4.846608095382229,30.341705249093618
XYZ728020,UGCA379,5.00836891172003,9.071528290072632
XYZ859096,PGC2832117,5.9900606463473185,30.222617769630055
XYZ629720,PGC040424,4.639755090210711,30.341456489849637
XYZ367580,PGC041502,7.894392126832553,8.596527142225359
XYZ269277,PGC039923,1.8147169241919792,31.130801548042612
XYZ465892,PGC1187621,24.013389378335138,29.24229149350436
XYZ924645,UGC07425,1.882912942530886,31.147507730163987
XYZ957415,UGC07636,4.452651512244802,30.39987092720803
XYZ957419,PGC038878,4.971445206311346,30.120215677258265
XYZ564210,PGC039260,12.910008491363861,29.713118839254502
XYZ564212,IC3475,5.846772327748459,30.30716575852854
XYZ433144,PGC043421,1.3453264162481327,8.569726131557065
XYZ760827,PGC135812,18.488079178382208,6.7762467029294235
XYZ138244,PGC042436,18.70241802994199,29.405652128942076
XYZ498701,NGC4480,3.5742424948655893,30.72390219930427
XYZ564241,EVCC1234,2.4881720996032364,30.727644463114494
XYZ990225,SDSSJ122130.67+123915.1,2.10075508942976,31.197129626948612
XYZ236563,PGC039985,8.865354228265844,29.99307357301771
XYZ957461,VCC114,1.8430848095784642,30.897346781514457
XYZ203805,PGC039878,3.3236556892546325,10.594869238363913
XYZ498718,PGC039012,7.9025181460171074,30.187481415801983
XYZ662559,NGC4600,38.95958058960477,28.998849581123796
XYZ203810,SDSSJ114843.14+171053.1,5.486598581193299,30.09184773997918
XYZ957474,SDSSJ123044.76+054919.5,6.500458412131049,30.357067150320383
XYZ990248,PGC040946,5.884794027431282,30.248353596748466
XYZ597037,SDSSJ121828.33+060433.9,8.046882970985335,10.780557934746362
XYZ334894,IC3522,4.783348107549989,12.232127417111744
XYZ924724,UGC07184,7.9880536054921905,29.90938548112732
XYZ269368,UGC07580,6.372053887152027,29.882812232685083
XYZ990265,PGC040957,3.8599108778877005,30.44806306214532
XYZ597064,SDSSJ120950.58+125411.4,3.6805985520379654,30.722954488045538
XYZ269385,PGC040779,9.98817556645149,29.78299285277305
XYZ171095,SDSSJ114931.03+151539.7,4.167035269159966,30.436458539654854
XYZ171098,PGC083543,7.9114488111150765,30.024404600227516
XYZ564318,SDSSJ124420.88+060522.5,3.2338575729063956,30.75781081125092
XYZ138337,UGC08048,41.89993027553234,28.880362494207095
XYZ400483,SDSSJ121240.72+065027.7,9.914221745310225,29.629753342493203
XYZ924772,NGC4438,3.4835925781758537,30.70309420873842
XYZ498789,IC0767,22.498563182083938,29.19298931310816
XYZ498803,PGC039883,11.38113807803278,29.77144193281389
XYZ728192,AGC232137,4.378366235647093,30.52901572658598
XYZ597125,PGC040453,4.44683734445426,30.3510694729483
XYZ171143,PGC3120683,2.284161581223169,30.82394094033336
XYZ498836,AGC732194,3.695873917057975,30.307744915509595
XYZ957589,AGC220133,33.98402000873174,28.974766559333613
XYZ695447,KK111,19.941993649500173,29.259721895859673
XYZ171160,PGC039188,12.547997325075844,29.733836354767416
XYZ924826,IC3612,13.099596993538185,29.664057802856295
XYZ793756,KDG130,2.197181690119207,30.921859558140852
XYZ826528,NGC4200,32.13901741588916,28.9349199673342
XYZ990387,PGC039838,2.328139135235985,8.881770136408146
XYZ367802,PGC042454,2.2289189852903197,31.041077004638854
XYZ761043,NGC4215,9.49671567004691,9.14559217787091
XYZ826582,NGC4191,31.280153390771606,29.061226927708958
XYZ564440,IC3499,6.002023351379136,30.217292407378277
XYZ433382,PGC1124896,39.77965977784221,28.68183805091277
XYZ367848,PGC1207749,23.806323689646796,29.28689633300292
XYZ761065,PGC038878,5.585978036478961,30.26985105222308
XYZ957685,SDSSJ123453.22+241946.7,30.581844876787688,29.003753548642266
XYZ531701,PGC1279854,5.2270236508812395,30.397143243022814
XYZ433397,PGC038970,11.200882818831234,11.514569467056962
XYZ859386,UGC07485,32.32013146698463,6.641160320369696
XYZ335109,PGC1124896,34.60616683523414,28.79152891704214
XYZ531723,PGC039080,2.2334752052220765,30.985923246399082
XYZ761105,PGC1155762,7.407029748409046,29.763203672032944
XYZ171282,IC3653,70.85772373072736,28.55622154305862
XYZ269587,NGC4365,23.039035156052105,29.198447848669236
XYZ924951,NGC4193,3.5510683319315812,30.70482070989519
XYZ367899,PGC043698,5.7799588239646695,30.073057333527068
XYZ564513,PGC042801,9.194459918804446,29.831900950111024
XYZ990500,PGC1170050,4.213149764349931,30.605504594593487
XYZ498984,PGC041059,8.351772814176721,29.62701141568837
XYZ400689,SDSSJ124649.44+024248.3,5.509475884394442,30.324666587252622
XYZ236855,NGC4371,6.342388191812194,30.262297584886127
XYZ990521,SDSSJ121527.31+103044.4,5.6650243024039435,30.360667512544257
XYZ204089,PGC038779,13.65135948678708,29.578481638514006
XYZ400698,NGC4653,13.792459658799288,29.769462473529696
XYZ597314,PGC042768,2.7413178138369725,30.709049937551992
XYZ302414,KK180,3.613502409343142,8.061941732609963
XYZ826709,IC3036,14.445596778895782,29.709836860089823
XYZ367963,PGC039286,6.585162711806027,30.263173319637122
XYZ630109,NGC4191,8.909188010263284,30.12139676141285
XYZ466271,UGC07942,11.864187735960783,29.533891090052585
XYZ761190,PGC043056,1.3364405495279836,31.351825243949815
XYZ400748,SDSSJ122138.38+084638.0,15.342211101684272,29.25907786029602
XYZ335212,PGC040409,10.195525986768496,29.678139324603695
XYZ859507,PGC040177,22.80343785657414,29.32800792208334
XYZ957812,NGC4370,19.344370023730708,29.427656754326655
XYZ859517,NGC4551,10.836287188955898,6.91875124079797
XYZ662911,UGC08085,4.761596539342043,30.509214966779343
XYZ892288,IC3392,3.7178501519245843,30.36178081933294
XYZ957842,PGC042945,4.520670371753989,30.436837847460524
XYZ925088,PGC039309,8.459211627755359,29.961242209653197
XYZ368034,IC0782,38.497302677658425,6.369674790434939
XYZ794020,IC3049,4.362054278897307,30.43433529307908
XYZ597415,PGC1215961,4.842106519277293,8.952162294322207
XYZ957864,[SDV2005]230,4.8679264018863755,30.1673860133674
XYZ564651,PGC042799,18.883227016370345,29.40328022875023
XYZ236973,PGC040674,3.697765880903766,30.508654553260367
XYZ400814,AGC229380,4.47214933669122,10.087771731485898
XYZ957871,PGC039727,4.646760372586963,30.26503950796387
XYZ925109,PGC041993,2.2380485733822257,30.891000093248113
XYZ957880,DDO121,5.1423644910938995,30.330551812361563
XYZ564665,PGC039415,5.336066799909904,30.475742884671543
XYZ105932,IC3081,16.227252670907728,29.549006969103942
XYZ499149,PGC1359187,2.7157262331659644,30.74464923814729
XYZ171473,PGC039672,13.336115102526556,29.51620287229719
XYZ531930,PGC3294258,16.33808130006113,29.56662785059609
XYZ433628,PGC2806927,5.32270054571628,30.40423533350963
XYZ237022,PGC1103962,34.57775796319773,28.77876024170878
XYZ794084,NGC4300,9.134956599151023,29.792347104799898
XYZ302564,PGC038539,6.044999271045015,29.8586473692413
XYZ204271,PGC041592,13.574915622533554,7.547771498742858
XYZ171503,PGC041802,6.796208820198931,30.23818615902823
XYZ302587,PGC040767,3.54643354069723,30.40945508996088
XYZ663043,PGC1133831,13.069849246658336,29.595186216703176
XYZ499204,PGC041156,4.615283135465024,30.349268548167615
XYZ859653,PGC043392,11.063814577304248,29.70129002602069
XYZ925190,PGC040338,9.909613461248574,10.891642083642147
XYZ630279,NGC4747,14.009248475688516,29.39822308911814
XYZ171531,IC3066,40.67569865473759,28.62917042653283
XYZ269840,IC3094,40.847246764664966,6.205604886567276
XYZ925208,UGC06881,4.4317745068826495,30.45278554988077
XYZ957981,NGC4385,12.448625381028991,29.773693621673257
XYZ466467,NGC4624,2.7998525509079526,30.916339370622325
XYZ663077,AGC220133,1.3040578878222002,31.31186928562064
XYZ302645,NGC4336,4.205863269580205,30.544025149330963
XYZ925250,NGC4200,35.281694966016815,28.737186240172267
XYZ433742,PGC039041,8.374752158719613,29.809500513898985
XYZ958032,PGC1227738,11.389970070919597,7.661690624865436
XYZ400982,UGC07422,1.726282548444079,31.30371091307451
XYZ564822,SDSSJ121140.31+125824.5,41.756863589080616,28.8542061177345
XYZ433751,PGC1293380,113.96539829502207,28.200025632473032
XYZ597598,PGC042634,9.613496306321126,29.90110463497138
XYZ204383,PGC1136400,15.723654741353416,29.385412408978084
XYZ138846,PGC1402698,5.760250507345237,30.17692556700637
XYZ138860,NGC4431,3.5342316259773523,30.555965629634027
XYZ269933,PGC041962,14.100237019830944,29.64757471945365
XYZ171628,NGC4262,5.8583577732775955,30.001069434301343
XYZ892530,PGC1198892,4.685042038310113,30.614333679476797
XYZ401012,PGC083546,5.433854334846949,30.06753533397559
XYZ695926,NGC4435,20.414172138104554,29.32990601411404
XYZ958073,PGC038113,6.347459728716106,30.182305313154078
XYZ827002,PGC040493,5.728935263712591,30.156374688464147
XYZ532091,PGC041223,45.76349106015442,28.653344774405557
XYZ794239,PGC041831,4.5607001528177245,30.402335938059167
XYZ532098,PGC039639,3.712070783577407,30.5173936136516
XYZ630403,SDSSJ124101.06+094306.4,3.5429271066985026,30.725786961035137
XYZ532103,PGC042218,16.458202562398974,29.346283763241058
XYZ499337,PGC042417,13.323162892640067,29.7889269314681
XYZ335498,PGC042920,114.48884744718242,27.873896864019862
XYZ630417,PGC042143,5.653964234188718,30.154157498358998
XYZ401044,NGC4454,9.942571648175784,29.783461816593782
XYZ794260,PGC039370,6.4112013300780974,8.078751509518337
XYZ466587,PGC042155,5.342992440858251,11.088608381993165
XYZ761508,PGC041664,4.346451533879353,30.418748596604814
XYZ728744,PGC043211,3.4824632248178644,30.75965800850709
XYZ597673,PGC037931,3.4445553041312214,30.657473965398957
XYZ859816,PGC1234100,5.040953946588413,30.35420148441638
XYZ368303,PGC040893,5.743777807027537,30.15688161488431
XYZ925364,PGC040453,29.085816224304818,29.038960655166314
XYZ958140,NGC4845,7.114724714460455,30.18632420476087
XYZ990920,PGC040674,3.5288339576542826,30.711603245481594
XYZ925391,NGC4424,41.578243307967405,28.75598424001537
XYZ270042,NGC4638,5.356185756366439,30.26946409106606
XYZ958171,PGC042596,35.36989938149528,8.937064536757706
XYZ532188,IC3490,69.6017793684489,28.059793894228726
XYZ433885,UGC07697,13.461989217827622,29.538361715346756
XYZ532191,SDSSJ122020.13+094750.0,25.910357924536896,29.08865772918504
XYZ237281,PGC1204412,1.2514255387325584,31.457114110019486
XYZ302833,PGC040491,4.847209175971649,12.832358843683586
XYZ990961,NGC4352,6.531239341468244,29.922530764342632
XYZ171761,PGC039606,5.479179829564942,30.265141910059636
XYZ892660,IC3019,29.295502548272594,5.589131865885847
XYZ237302,PGC1143451,3.7090003724436182,30.6075810258897
XYZ761592,PGC040531,46.10848903163827,28.35316843580888
XYZ499452,AGC226061,8.047424877349737,29.877088027092235
XYZ859904,PGC038993,24.783468293671795,29.1577541436768
XYZ761606,PGC040286,3.299347008607964,30.570197805079008
XYZ368394,UGC07945,3.9449162156114035,30.32960751313524
XYZ663312,PGC040312,84.21615477333118,9.299087927980047
XYZ139034,NGC4394,12.952528848140844,29.456814721334897
XYZ368411,PGC040913,4.131870904380449,30.665656297821123
XYZ499482,NGC4266,12.993484868500452,29.484752250076884
XYZ728882,PGC038899,1.3464851775040516,31.404023667918388
XYZ335667,PGC038883,9.898648594740619,29.68119765937766
XYZ859957,SDSSJ124451.77+162505.5,7.623743952562501,30.30980748396901
XYZ532279,PGC040636,6.520618168114185,30.02579209933726
XYZ597817,NGC4421,76.30409826467555,28.477903096372113
XYZ532281,PGC038779,1.6195992352565993,31.355689838247134
XYZ302907,VCC565,6.3949808977247145,10.585928253752446
XYZ270141,IC3466,5.083681992314192,8.44797357594301
XYZ401220,PGC040312,3.516469647902878,30.650630801413868
XYZ859980,IC3215,4.332675036569148,30.644645514230003
XYZ466767,NGC4431,11.391692359742338,29.703757607293745
XYZ925523,NGC4559,4.7820599332175036,30.607670801121884
XYZ696147,PGC042046,3.5504441876492536,30.384293499053292
XYZ597848,PGC040534,1.3761633121062384,31.14741934348894
XYZ204637,PGC042225,12.516577423374908,29.90972480525663
XYZ892766,PGC037048,2.2939904994645723,31.02269220178951
XYZ368497,NGC4586,3.4048735580688474,30.489759257055276
XYZ991090,PGC1255427,4.056564297686335,30.295389238218903
XYZ401267,NGC4365,3.585515882497781,12.029684781097096
XYZ860022,NGC4339,10.123600429521085,29.809996533987327
XYZ794495,PGC1166209,2.9116365158378414,6.936645636759437
XYZ466819,NGC4233,1.9691589208540665,30.97524055682383
XYZ302980,NGC4531,9.00356788233045,29.772848540360894
XYZ106378,NGC4596,4.69941274223619,30.42415216566048
XYZ728970,PGC039424,3.7685575248661234,30.628543725273236
XYZ597904,PGC037490,4.213947592774589,30.475186022781646
XYZ827280,PGC040913,17.16451892437813,29.607489591271257
XYZ335760,NGC4374,25.201509813761533,29.280927068761283
XYZ565153,UGC07824,18.8789227407866,29.288219314536526
XYZ171942,PGC038970,5.476631171046197,30.16787814398512
XYZ171969,IC3393,32.25187752996217,29.02073111972222
XYZ892888,SDSSJ122613.89+035013.6,66.78106646575466,7.0865330185991695
XYZ729052,PGC2832117,48.58791016132107,28.93589680104579
XYZ991200,SDSSJ120920.02+242649.5,5.599256512635823,30.036067926791677
XYZ401378,PGC042077,4.204707222195512,30.36007206067141
XYZ892901,PGC041308,23.16005821273656,29.18615787787823
XYZ139242,PGC041631,1.3838642485504955,12.456555926860833
XYZ172011,NGC4596,109.4466618439394,28.039373202302098
XYZ958444,KK177,11.21889230851182,29.53740821592498
XYZ499692,VCC615,6.995980040229513,7.880458477498337
XYZ827374,SDSSJ124142.58+243105.0,30.67852929495012,28.64610637846606
XYZ303093,NGC4468,11.010990339262918,29.60695180633999
XYZ466933,PGC041516,5.214054885392787,30.360204382376757
XYZ401404,NGC4598,6.47134742176449,30.09744244942819
XYZ860161,PGC041156,4.9691214791723475,30.170101895157927
XYZ466953,IC3099,6.701330838379276,30.04011806356584
XYZ335882,PGC3111475,9.08507294893474,29.835340687048255
XYZ729099,PGC1207820,3.901541192324349,30.586495413853246
XYZ860182,NGC4551,14.79874087495365,29.66270824192994
XYZ335900,SDSSJ122928.18+203348.8,2.937649020735846,30.91209973084019
XYZ925724,IC3215,1.7869443015149882,31.450594086071646
XYZ368676,SDSSJ121240.72+065027.7,1.4169236354079264,31.316547502468797
XYZ696358,NGC4623,3.583635215742649,30.472434324531196
XYZ532518,PGC042001,5.093469904201516,30.38894118399081
XYZ270381,NGC4282,2.2890362319591455,30.898480744475876
XYZ532527,PGC039711,10.436482837188217,29.663010083001275
XYZ860211,AGC227974,3.392813648507091,30.736000330425888
XYZ761914,SDSSJ120950.58+125411.4,34.91627762721966,29.204927182575556
XYZ565311,PGC041240,5.5549411943066005,30.09750054050295
XYZ237634,GR34,2.599885101210177,11.155030273262511
XYZ729163,PGC042218,6.739890331738544,30.232277510284185
XYZ270413,SDSSJ122613.89+035013.6,5.002067749013473,30.25141037479674
XYZ401488,PGC040611,7.838591947085381,30.13176660671071
XYZ991318,NGC4533,8.301294350657864,29.76323670460608
XYZ794713,NGC4753,5.092779653321054,30.5712004270687
XYZ991321,NGC4192,24.279538659353218,29.035319792074425
XYZ663645,PGC1172855,11.541927710928743,29.41678453377649
XYZ663650,PGC037490,5.340789345463622,30.352019146128466
XYZ958563,PGC039159,7.708955819701578,29.755406935723563
XYZ467046,PGC041917,3.898858528638358,30.416809254142734
XYZ958573,PGC042668,4.9131988169212795,30.46918707058436
XYZ827503,PGC039641,2.068915911440728,30.800930908630274
XYZ598136,NGC4457,0.8526299810199207,31.584513920501728
XYZ729214,PGC1227738,13.238163463460944,29.271793345470495
XYZ696448,SDSSJ121240.72+065027.7,4.665300300753018,30.273493390773346
XYZ630912,UGC07396,10.814283745466446,29.956281958705432
XYZ434316,PGC1180413,3.463645790779297,30.514508142861352
XYZ598162,PGC042566,6.525040290989879,30.189023078847086
XYZ106644,NGC4276,1.3400194087051935,31.344434043713747
XYZ958613,PGC039669,7.220028802486919,30.31378376773345
XYZ598168,PGC041488,1.836296125574698,12.548161850367428
XYZ958628,UGC07715,11.868715333769432,29.827836775815825
XYZ401578,PGC039845,11.230744995154069,29.71758576341841
XYZ204981,PGC039539,32.23649473728679,29.045868388192225
XYZ467131,PGC040074,1.8748188759581608,31.20112915163375
XYZ696507,PGC1120414,2.03683286996853,31.260838396930268
XYZ925893,PGC041712,2.0271988752776866,31.064933689686345
XYZ205003,PGC041716,14.074617878271551,29.368310227293474
XYZ467152,SDSSJ121804.89+074444.9,15.26175431865074,29.67471875129923
XYZ336087,PGC1279440,12.905651348029485,29.65205611152797
XYZ565464,PGC1270208,4.521810271092345,30.63963701942203
XYZ172249,NGC4323,3.5891769324895386,30.650170427624126
XYZ303321,PGC041098,4.644633559999346,30.513307863213388
XYZ958688,PGC042596,6.513214653392358,30.19036807845761
XYZ925922,NGC4472,2.6256921851708754,30.585078690839882
XYZ172259,PGC139866,5.3306211664469645,30.363254439272396
XYZ762086,AGC226054,14.408080819083244,29.628336456631125
XYZ499942,PGC038844,2.466539409668535,30.68883658268879
XYZ172268,IC3225,1.657661913693458,31.359153113869144
XYZ827633,PGC042143,25.132735823914246,29.011554952242445
XYZ631035,NGC4324,4.7165971392423165,30.33663961547929
XYZ172286,NGC4419,12.891045450928742,29.691183121327008
XYZ467198,IC3384,3.600349031995979,30.522149711668433
XYZ794878,PGC041761,8.842140640236114,29.866244485220847
XYZ565506,PGC1242969,4.347209245411802,30.416597053648324
XYZ925955,AGC749454,1.7813572260402868,31.22064184961798
XYZ499975,AGC229053,5.51916914622123,30.100984315796612
XYZ368908,IC3740,15.690338381079476,29.380218488085013
XYZ499986,SDSSJ125504.03+074316.9,5.752084688004839,30.442353865458667
XYZ106775,NGC4406,1.8729488502467881,31.181690358604815
XYZ303384,PGC1214263,27.601962404427418,7.352936144141044
XYZ368921,EVCC0504,9.420114721375073,29.885698320355385
XYZ434462,SDSSJ122155.85+174052.5,30.349623672331393,29.01717178720432
XYZ663839,PGC041595,4.062493679386093,30.67099253169912
XYZ598303,NGC4754,17.259149410023955,29.453792912754228
XYZ172320,NGC4636,6.0386103304441505,30.247693452127635
XYZ532776,NGC4342,8.551594090524494,9.204687983464915
XYZ336183,NGC4309,9.788219303522638,29.806228292404462
XYZ303417,PGC1187621,16.686375305479732,29.529667817843247
XYZ893243,IC3393,20.393195803726105,29.300248447805664
XYZ139582,AGC225847,9.936110503176996,29.677566564762976
XYZ696642,PGC1327818,16.680463686275996,29.726508653763958
XYZ794962,NGC4377,45.83385771311841,28.71281798772599
XYZ827747,PGC1187621,110.04893727281157,28.033211044639685
XYZ139622,PGC214037,11.214408776701518,29.85260639599523
XYZ663915,PGC039923,6.785454250391356,30.568911777776734
XYZ631152,IC3605,1.2968512910141088,31.634162449867386
XYZ500080,PGC2832117,4.38757997202742,30.466539701894348
XYZ369010,NGC4303A,2.831420062918009,30.599932817797498
XYZ467325,PGC043261,66.68572965471823,28.495213680399694
XYZ270719,PGC041027,1.8041701611770025,31.2262137525061
XYZ434561,NGC4461,2.4535093638158774,30.887219258714488
XYZ270724,SDSSJ121428.14+055431.1,5.5361106559569935,30.223759839187682
XYZ827782,PGC040462,4.495423304659283,30.50256683616459
XYZ434566,IC3292,9.315162258053537,30.121403555468376
XYZ172423,NGC4540,3.733130882821408,30.72909063772925
XYZ663944,NGC4451,4.541470112972859,30.254124049049828
XYZ991639,PGC043108,3.0975281705624225,8.898765987239248
XYZ106919,PGC041192,8.047441040414887,29.89316200964784
XYZ270760,PGC041874,2.5824458111136237,30.745652922374656
XYZ729518,PGC038844,3.3891420791164797,30.665806389372097
XYZ795061,IC3457,21.510124747567435,29.228507239485108
XYZ827840,NGC4477,1.6337638294732932,31.218208357569665
XYZ106945,PGC040835,8.392729430018866,10.40256140809456
XYZ434629,SDSSJ124942.06+052922.2,6.0222339348233715,30.332418938124842
XYZ762312,PGC043211,2.580630766510812,31.026801894480887
XYZ369096,NGC4366,26.883288102884332,28.98870165368814
XYZ532938,UGC07396,37.662012156211986,28.89168665249101
XYZ238026,PGC040274,13.829422538237283,29.29575795449409
XYZ467402,PGC040553,4.1204939690448015,30.397346906815592
XYZ172492,SDSSJ122928.18+203348.8,3.9452579737970574,30.79258596148748
XYZ696780,SDSSJ125106.78+120335.4,5.955536059882298,30.133602975116208
XYZ860624,SDSSJ125651.47+163024.2,2.0809958413201404,31.027027228702607
XYZ893395,PGC040285,3.5716201737097855,30.82868575049188
XYZ991702,PGC043056,15.62605362291784,29.394626715213157
XYZ139743,PGC039845,3.5342492688152705,30.68295071145208
XYZ631274,PGC083543,6.328211584971824,30.22955658437554
XYZ106988,SDSSJ122825.86+111424.9,2.010622758123382,31.067539409405722
XYZ434669,PGC040058,2.756971482258427,30.785949868403303
XYZ827889,PGC040435,22.72522333064052,29.33482220575867
XYZ336382,PGC1811760,9.818482314475677,29.49090382207008
XYZ795134,PGC039730,5.8013393535716276,30.15897519040234
XYZ893451,IC0796,2.515764879271093,31.16238909314072
XYZ401939,IC3881,6.9400233015408475,29.959313654358617
XYZ303637,EVCC0352,12.277158115181146,29.875614048876315
XYZ696860,NGC3976,13.643923253209463,29.923917132932246
XYZ631325,PGC041571,2.8311013752745344,30.790441925237598
XYZ336416,PGC1143004,7.111754771905659,30.13472257868142
XYZ401961,NGC4826,17.141212213679957,29.381818603701397
XYZ893493,AGC229174,117.08925416804298,27.999198328001555
XYZ860726,PGC1136400,2.9263600734867365,30.99885502384058
XYZ172597,NGC4586,1.4146387513450958,31.00323772697893
XYZ696890,PGC041130,5.318358191455035,30.380438728427137
XYZ827964,PGC040869,5.398906416593249,30.548364134699757
XYZ172606,KK167,7.794511199622338,30.07865779456161
XYZ270911,SDSSJ121428.14+055431.1,1.1307473087000943,31.232791043003207
XYZ238144,NGC4503,1.4075792015958222,31.2781030996441
XYZ565829,PGC200170,6.684437859351402,30.156118686054
XYZ434757,IC3097,4.630314323164804,30.300679981952197
XYZ860745,UGC08085,3.2588517385370626,30.975110653614717
XYZ991823,NGC4180,8.504394831414928,29.84488792461886
XYZ664152,NGC4282,13.044082363890388,29.38402488712465
XYZ696922,NGC4417,7.880960974149288,29.79675217605169
XYZ565854,PGC039164,16.633392869745386,29.382184682475597
XYZ139871,IC3044,4.19647266664197,30.550983899631973
XYZ369248,PGC042357,23.065498718251792,28.96915324769185
XYZ270943,PGC039392,9.871370776484534,30.018331340209315
XYZ434801,PGC039260,5.895866403381764,30.12001739933399
XYZ631410,UGC07504,7.099947670392358,30.25150071278806
XYZ434803,SDSSJ121804.89+074444.9,7.463053777121838,30.264689442872104
XYZ893556,UGC07854,2.9522718853448,30.910001077942045
XYZ500347,NGC4379,6.601238223438335,30.062637001646948
XYZ631419,KK140,3.919221724260847,30.399791953763767
XYZ205444,SDSSJ122243.57+052723.0,4.838181837206838,30.498077264773457
XYZ565909,IC0781,3.6002934498610912,30.425260969722153
XYZ533147,NGC4318,7.271436991667744,11.057368896681794
XYZ926365,PGC043108,35.91270590441871,29.06565523825014
XYZ991904,NGC4486A,7.480031361649622,5.227222652840872
XYZ238248,PGC037802,56.134834883412346,28.389496402248554
XYZ926378,PGC083543,5.784114417252647,30.11619140032665
XYZ631467,PGC040687,5.019558730503583,30.322737784493306
XYZ107188,NGC4049,12.29647320552306,29.421646814369375
XYZ205507,NGC4701,4.825483677794447,30.50181788910703
XYZ238276,UGC07983,2.576396896753227,30.899172856485823
XYZ664259,EVCC0248,3.9060029391251083,30.60301209548553
XYZ107209,UGC07512 = LV,7.316225980435639,29.923383209824056
XYZ172756,NGC4289,11.344839735599944,29.831598601862417
XYZ500439,AGC219539,9.540582928401584,29.947280975074136
XYZ205532,UGC07531,19.183218663628775,29.16249271048226
XYZ434909,IC3602,15.977749751639033,29.524657755142464
XYZ664296,PGC041744,6.05934466385347,30.57432380244895
XYZ271081,PGC041193,3.851391637090908,30.734754150488868
XYZ697068,SDSSJ122933.64+131145.6,6.668497083742368,30.116631282501203
XYZ828143,PGC1273077,9.47637275098535,29.71004859496191
XYZ795383,PGC041890,15.724246313002762,29.359747614431345
XYZ860924,NGC4488,5.033670222779102,30.55317129745112
XYZ598783,PGC041979,5.907164282954088,30.114648742444096
XYZ926479,PGC040554,9.101992621448446,29.830902023360306
XYZ434960,PGC040074,11.995089427295214,11.900909324063107
XYZ271128,PGC042566,1.8452462068500566,31.12324922508546
XYZ336664,EVCC0819,1.2720300073560875,31.30539442486391
XYZ598812,NGC4489,31.806902648060436,28.885615839743245
XYZ271144,PGC043987,15.434717665711165,29.747490108812745
XYZ238379,PGC1275680,6.81363432284364,30.13851246359517
XYZ435001,NGC4336,15.89877515079186,29.405290129957557
XYZ992064,IC3065,6.897897245362756,8.693584197903
XYZ828225,PGC1264260,5.639458112034586,30.379195410073567
XYZ533313,NGC4506,4.026526524891035,30.81809784703821
XYZ795459,PGC038754,7.522819395982535,30.10494413598347
XYZ566091,SDSSJ122054.58+032409.7,2.3008577337408185,30.991176700534115
XYZ697169,PGC039730,5.024026390479566,30.379552616467777
XYZ861010,PGC042553,11.792466562737154,29.752501450577295
XYZ861012,PGC043119,2.877980995981682,30.701562197459918
XYZ992088,IC3486,5.920990673967465,30.187726533731027
XYZ598874,PGC1204412,10.566749706586277,29.72871111134626
XYZ697179,PGC039662,8.190984989063248,30.150030499221696
XYZ500576,UGC08001,2.2224930629470006,30.613827526299914
XYZ697186,PGC042602,2.706436376344788,30.947053565644946
XYZ172909,NGC4596,10.11898849917583,29.803062228154374
XYZ959351,PGC039711,9.882519811932115,29.806584774528904
XYZ336759,NGC4429,7.01706725353798,30.02968705125249
XYZ467835,PGC045019,6.474975747324441,30.025532545223324
XYZ631676,PGC039564,2.6513334548716516,30.97017063025463
XYZ107388,NGC4458,11.201292252167832,29.352958655398798
XYZ795517,PGC038784,13.896548635768198,29.422721323752157
XYZ467843,PGC042417,5.397505903068261,30.534036019650454
XYZ992133,NGC4592,21.081194786047824,29.23842288947732
XYZ402311,NGC4276,18.508233066416803,29.179972448277336
XYZ729995,IC3393,9.249012940425876,29.684407145133452
XYZ697242,SDSSJ121804.89+074444.9,12.747205117924228,29.86120286479719
XYZ795548,IC3637,2.363264688452516,30.921155058384098
XYZ205729,SDSSJ125355.24+191533.5,6.565273285644613,30.205037643578223
XYZ205737,PGC042626,8.40412796909186,29.97629402999325
XYZ598953,PGC038980,7.032549712415825,29.86070101580581
XYZ631726,PGC042902,11.383453687560166,29.65515405546918
XYZ926644,PGC041209,14.830355790183383,29.502418992069515
XYZ926645,NGC4496A,6.501824760154627,30.336365617595597
XYZ697272,PGC042799,3.786675191456144,30.539559811272543
XYZ992187,SDSSJ121044.99+075205.0,35.91186405739795,9.093970542771999
XYZ435133,IC3061,8.341296792783387,29.996427401164222
XYZ336829,PGC041211,89.32254669971937,28.233883293677952
XYZ730046,PGC040491,14.074992026107951,8.12005857784309
XYZ172993,NGC4273,4.624591739823362,30.153401306796685
XYZ467910,PGC040554,18.288531800047515,8.698288204450918
XYZ828364,IC3658,12.905582622946342,29.63961641577516
XYZ205773,PGC040948,4.786843582175244,30.46237665678871
XYZ926671,PGC1207185,8.48333516866625,29.964380287745666
XYZ500693,PGC1292491,6.11193706578986,30.369448592653793
XYZ435159,IC3383,3.7118675314045886,10.174877246510064
XYZ795613,SDSSJ122358.19+072701.7,5.275473105421253,30.12664993990309
XYZ566239,PGC042357,5.021503882983975,30.1992050116354
XYZ795616,PGC041699,5.980047986355592,30.23973655916461
XYZ893939,UGC07307,10.183333555155313,29.778256130993263
XYZ828404,NGC4409,4.170020588380746,30.619594794028032
XYZ631796,NGC4527,12.906797688648483,8.879936755461081
XYZ271350,IC3365,1.2912188439387648,31.221286109448826
XYZ336888,PGC038539,11.468357919948714,29.628321967778337
XYZ467962,UGC07979,7.428347855067142,30.116180409201434
XYZ697340,NGC4268,10.301149287141005,29.682238512444524
XYZ435198,UGC07841,10.161945595061612,29.848616692916284
XYZ500750,PGC039813,1.9420774891902486,31.03068612935547
XYZ762894,SDSSJ124230.91+054354.1,4.666134013318487,30.287217394450344
XYZ992271,PGC1368352,7.332239914800013,10.935727734232902
XYZ271376,PGC039542,5.672588661120477,30.279081700201903
XYZ730138,SDSSJ121444.59+124722.7,4.012440040066389,30.50040260504227
XYZ828443,PGC042318,4.69152816406447,30.27969465979295
XYZ697373,KDG118,3.773709829345839,30.578580649663362
XYZ402461,PGC040157,5.280855492905234,30.653295738770726
XYZ795685,NGC4233,5.65530778879892,12.45216683554262
XYZ762923,PGC1364593,3.110789684343146,30.903066699753246
XYZ173099,PGC042242,7.048178324351942,29.967498498949787
XYZ336958,IC3530,11.390853829098345,29.702198823101455
XYZ730188,PGC039894,23.061878998620056,29.126411101421354
XYZ140364,PGC041937,3.449985368016196,30.64615771240765
XYZ631886,AGC227956,31.25216831383407,29.031308591676915
XYZ795727,PGC3294218,14.923328876538545,29.450870878430226
XYZ959568,PGC041516,3.8431815369928786,30.742319380113692
XYZ795730,NGC4457,17.699551749262245,29.382721068697585
XYZ336979,PGC037779,9.05466227873801,29.579678012254597
XYZ861266,EVCC1234,6.529692792819321,29.76443767377967
XYZ631894,PGC041712,2.5455337349367775,30.823745075327366
XYZ566360,PGC1227738,13.291878985787475,29.47247207729474
XYZ828506,PGC042144,5.303736342670947,30.648623123095888
XYZ566363,PGC040556,6.960124408786818,7.460246796028002
XYZ402525,PGC040235,8.197456456123101,30.085721623521295
XYZ304222,PGC040491,10.786569907712565,29.7736652846237
XYZ533614,PGC040617,9.461837053857085,29.933467934693272
XYZ369779,IC3740,5.609672576565581,30.097887007288644
XYZ271477,PGC041193,6.474454794756711,30.315077370823268
XYZ500861,UGC07236,6.254438472636198,30.196052884056314
XYZ599180,PGC041068,1.8829900276502898,30.92954645469574
XYZ828558,PGC2832063,7.587289785356308,30.199538493127264
XYZ271504,PGC041993,2.6217719444135135,30.686373315708135
XYZ763025,SDSSJ122038.59+055432.3,2.761953727247078,30.74445705725784
XYZ533653,PGC042325,15.181556176688435,12.422465842951457
XYZ861344,PGC1402698,2.2576235794224226,30.81889188641447
XYZ369826,SDSSJ124451.77+162505.5,1.1719435116249992,31.4886539541186
XYZ631972,SDSSJ122243.57+052723.0,4.931456630141651,30.44128881961022
XYZ107685,PGC041863,3.3439462641200426,30.497958528568578
XYZ500903,PGC041206,5.049221282683414,30.201805212989797
XYZ435369,PGC039610,3.1784392266997368,30.474244042649243
XYZ861363,SDSSJ122349.62+182720.7,14.277762346963533,29.525235856210866
XYZ763065,PGC089680,15.465852297171782,29.537734629395718
XYZ107705,PGC040670,2.7180234505494036,31.01685517789873
XYZ992445,PGC040554,5.17289790591752,30.328339240517003
XYZ566463,PGC1293380,3.600705696147563,30.807718283247294
XYZ271558,UGC07688,6.827333634741648,30.214806250408923
XYZ173256,PGC041308,7.728719531879069,29.972650539186354
XYZ337096,PGC1580851,8.622695978299811,29.886072928806037
XYZ632016,NGC4179,15.215371351632793,29.36125216572007
XYZ468180,PGC038859,4.019305778411477,30.65891385820264
XYZ566486,NGC4647,3.687640859045181,30.68987058832336
XYZ992471,SDSSJ125703.47+092258.9,1.0853044530804348,31.5537433984308
XYZ402655,PGC039639,41.67703758669547,28.56538731631034
XYZ926950,PGC1207749,8.489607564176815,29.893429918586033
XYZ402669,IC3118,14.905904710734942,29.265074615205897
XYZ632051,PGC041541,17.68361822910838,10.356059502407586
XYZ697593,PGC044517,6.503326852103302,30.121994172310412
XYZ173309,PGC039655,1.6791253272704387,31.220463319140595
XYZ763145,IC3578,4.805650853644783,30.499858757071188
XYZ894217,IC3461,7.38811371728435,30.23011268726314
XYZ730378,PGC041056,4.814919850271128,30.41249302742642
XYZ271631,NGC4845,6.0331459515251655,30.26886577550721
XYZ107795,PGC043119,5.738354926339613,13.294181731887544
XYZ533781,PGC039902,3.879180498346649,30.607051530956358
XYZ730389,PGC1290662,66.4710207231529,28.490105727964966
XYZ861470,IC3635,4.070870965334951,30.517808701172385
XYZ173349,NGC4651,45.11155431139646,28.594190708903497
XYZ894245,AGC732281,3.342395764179157,30.54552342564509
XYZ271655,EVCC0248,4.940257806706652,30.403678931486134
XYZ501037,NGC4289,2.4416299234893466,31.04895196170441
XYZ501041,UGC08056,4.070067393228386,30.598032499252476
XYZ206129,NGC4307,28.737255847895877,28.776915368503484
XYZ566579,NGC4810,6.149904222501405,30.069426496122464
XYZ468290,PGC169266,8.121073466239702,29.91504765647936
XYZ140622,PGC039994,2.421509334398605,31.026053424671517
XYZ664913,PGC039655,10.052979919200627,29.7875273643366
XYZ468306,PGC042596,8.650000569774509,29.96661489232115
XYZ337240,NGC4165,18.579228097700483,29.000394594197243
XYZ861528,PGC039080,4.531185490497107,9.2564614562463
XYZ927082,SDSSJ124155.33+114003.7,4.067973674244028,30.324276488409236
XYZ959858,AGC229177,3.714541353688387,30.53208547463292
XYZ632181,UGC08382,9.723061370993175,30.196948909265743
XYZ238968,NGC4502,11.299801696516376,29.566268804160444
XYZ927115,NGC4192,13.477968139277145,29.644648022931733
XYZ796047,PGC040834,3.9687713384950842,30.362985771375644
XYZ370070,PGC039639,3.7691234741816215,30.341508183793515
XYZ271770,AGC742455,23.475569000221903,29.089112634694718
XYZ206242,NGC4341,1.6063186893108135,31.168953153725074
XYZ239016,UGC07436,16.381485335601077,29.39150459786492
XYZ730543,NGC4252,5.329275189134759,6.946587347907801
XYZ861626,AGC225847,5.225635444905699,30.423704707926426
XYZ304572,PGC135806,2.866797043252944,30.673594912115828
XYZ730558,PGC038299,4.314563822859048,30.25846605831697
XYZ927170,RFGC2285,1.6777591652301667,31.28823611316701
XYZ796102,PGC039889,10.617100365267579,29.6774764233371
XYZ566730,PGC1120391,4.861096677911096,30.090476205657485
XYZ370127,PGC040505,9.774195831062471,29.771310205915263
XYZ632272,PGC040214,11.18446558690943,29.82863459588426
XYZ599507,NGC4328,10.071719346113346,29.660994008992137
XYZ173529,UGC07911,7.602034013225967,30.135479722336484
XYZ599517,UGC07802,7.438856855916704,12.671566170448031
XYZ402910,UGC07394,4.134681175506622,7.782897572991764
XYZ697824,NGC4179,4.165619306734133,30.31820812086339
XYZ861664,AGC227972,5.002759742050975,30.441606584566355
XYZ271856,SDSSJ123745.89+181750.2,4.840958793584243,30.38935599269757
XYZ108019,SDSSJ114931.03+151539.7,4.9106824156818005,30.467068782646944
XYZ992760,UGC08055,7.286905994404535,30.038791348086967
XYZ632313,PGC039292,22.535390642001897,28.991645843840498
XYZ632317,PGC042878,7.856848193802738,30.081362697110777
XYZ796159,GR8,11.235318699708635,29.743914745754605
XYZ632320,VCC114,5.513084665442962,30.232328088633835
XYZ173572,EVCC0658,3.480298350954368,30.696063769719792
XYZ763402,NGC4162,5.261301942701052,11.302749141024584
XYZ697871,PGC1290662,1.3299578003902868,9.188318915408065
XYZ992788,SDSSJ125046.77+045323.7,6.216214745795072,30.13419719787822
XYZ206361,UGC07824,3.931846476266686,30.35747106911035
XYZ173600,SDSSJ122204.66+074422.0,3.7318962052808655,30.61708375005775
XYZ730659,PGC041000,3.2991981227898655,30.70167221553944
XYZ730674,NGC4351,12.803136807019648,29.515776166044457
XYZ763447,PGC1214263,10.743936730385947,29.694301757245356
XYZ534072,NGC4440,3.2686992775537815,30.9987639911268
XYZ108092,PGC091191,27.94584649799055,29.120505050989216
XYZ599622,PGC135794,4.9734324443397755,30.30358403637964
XYZ599623,NGC4440,8.90896981931616,29.73502289795726
XYZ337491,PGC041802,3.4234516884097324,30.72468925921845
XYZ960084,PGC135809,7.051761238693927,30.007825152807644
XYZ599635,PGC037931,8.43133042198514,29.978956681486963
XYZ239190,NGC4544,5.814335093685202,30.24087287661926
XYZ271967,IC3478,12.657613977956117,29.77968816400653
XYZ206445,PGC040974,7.675984035497874,29.852483211612505
XYZ796274,IC3059,3.55310523175608,11.509197537845136
XYZ697976,UGC07590,16.75407103474557,29.297737654758855
XYZ435834,SDSSJ125952.41+033758.5,14.154959205412291,29.524285401650452
XYZ730757,NGC4694,7.317502259019049,9.549182776123523
XYZ468616,PGC1089367,23.94338275010601,29.202824587780984
XYZ796307,IC3044,10.28284912210795,29.752566859852802
XYZ566933,NGC4189,12.982342791127365,29.434738596275487
XYZ337558,IC3063,4.185444002917118,30.459506262404528
XYZ927384,PGC038926,5.07195376788772,30.34843247702817
XYZ829081,PGC3294258,3.507446275457501,30.688374705402207
XYZ632475,IC3102,5.924365400963302,12.773335608097945
XYZ566940,PGC041770,12.388367608447124,29.737685981059784
XYZ370342,NGC4502,2.855591096553481,30.79992636137268
XYZ501415,AGC227975,23.133523838172724,28.96581263529694
XYZ435883,AGC732226,9.292260214700049,29.86867628630827
XYZ534188,NGC4753,2.8261911088193443,31.054372284222865
XYZ763565,UGC08048,4.31767470017873,30.774657791640504
XYZ927404,NGC4635,69.33206395681374,28.31552512999161
XYZ796343,UGC07625,20.25367506553347,29.154762567361317
XYZ304830,SDSSJ121413.79+085429.7,4.153167888137574,30.47409570105797
XYZ927424,NGC4216,5.6743208296743335,8.947130576994116
XYZ665292,SDSSJ121707.14+074401.9,3.767139376884032,30.818329399630475
XYZ829140,PGC1166209,4.34534122716194,30.202484419272714
XYZ304855,PGC041259,4.712945961026578,12.765794917419402
XYZ403160,PGC039309,6.4022205366362215,10.38480797587886
XYZ730847,NGC4689,5.339091213350757,30.27741311568119
XYZ501472,PGC039652,15.726958730555138,29.538859322129667
XYZ239332,NGC4639,3.6249210334532678,30.553209734588126
XYZ665318,PGC041196,16.443666549710784,29.332457432970163
XYZ796391,NGC4459,15.749856993422714,29.590361288036988
XYZ239337,PGC3111475,6.223573030925981,30.129918226846176
XYZ108266,PGC040096,5.618213493549304,30.34720183641651
XYZ567027,NGC4621,12.442693520899581,8.881187422668273
XYZ501496,PGC041716,1.4305887732075364,12.129323567559208
XYZ796418,SDSSJ120404.33+044847.2,7.567918884933633,30.13584255592834
XYZ141065,PGC039566,2.9154221090971615,8.747968695951371
XYZ763677,IC3437,4.774102335789868,30.44699200602754
XYZ403233,PGC042811,12.847871219105633,29.88188069255194
XYZ501541,PGC041863,5.695474506265194,30.26028152804953
XYZ304936,PGC039488,6.459977246490929,30.123101385972586
XYZ599850,PGC040428,35.337191961523004,28.78485300658971
XYZ730924,DDO121,5.066854368227672,30.43022342597708
XYZ108334,SDSSJ123549.46+201755.0,5.836682759464191,10.441469578073566
XYZ894767,PGC041433,9.787176925799264,29.78545917473504
XYZ534332,IC3779,2.5307740881360092,30.948696455643727
XYZ993084,DDO157,8.896601317866484,11.04250535895875
XYZ501564,PGC041723,5.972181758465879,30.13970237660443
XYZ730943,EVCC0658,2.298999614705954,30.908714617323497
XYZ403264,SDSSJ122030.92+063823.7,2.2507419443150254,30.980722919799867
XYZ272206,KK140,2.8628408527671487,30.596917168074132
XYZ632662,SDSSJ122054.58+032409.7,5.1844011938793875,30.13213518600174
XYZ468823,PGC040723,4.561822047254085,6.12466259783551
XYZ730974,GR8,6.857879667266716,30.091836550034174
XYZ534367,UGC07715,15.432063039985318,29.483607348939955
XYZ894815,SDSSJ121444.59+124722.7,9.17198274444761,29.81908354736369
XYZ206686,PGC040615,4.761966301124009,30.239003863350526
XYZ632688,PGC041442,10.516808003304934,29.667640618609823
XYZ272242,UGC07579,12.143577505156461,29.395575671218996
XYZ567156,PGC041156,2.0123123467655892,30.83336415801125
XYZ370557,PGC1664006,20.041360247404736,29.310543092089144
XYZ829309,PGC039804,2.655585283096831,30.818108765199796
XYZ927615,PGC040604,46.183629863963766,28.64101583709936
XYZ927616,PGC1120414,9.957640427242625,30.056365172197474
XYZ665483,NGC4299,1.777069274779551,12.361693795593656
XYZ141197,NGC4204,18.151762367713754,29.33396127699268
XYZ960399,UGC07531,5.825119676053324,6.1205930797380645
XYZ599960,NGC4032,11.403923298451701,29.533163148661686
XYZ993188,NGC4429,3.306461307128574,30.680350131715883
XYZ337828,PGC038970,3.783520454105382,30.661995561490798
XYZ665515,PGC041124,1.5312878471878983,31.343686793667505
XYZ436139,PGC3293423,7.210083429532997,30.249957662479453
XYZ206768,PGC041874,5.694968082255073,29.96250086756219
XYZ763835,DDO156,10.015375775526781,29.681764397526294
XYZ665533,IC3742,4.274747896954388,30.652377269326117
XYZ436162,PGC039813,12.827566845622481,29.415154790740004
XYZ534478,PGC040767,10.176985179243923,29.483047787106003
XYZ829391,SDSSJ123634.93+033831.3,5.003759222041429,30.368390826483687
XYZ337870,PGC3294456,4.068654922310911,30.661287133044937
XYZ665561,PGC039415,14.44042962285614,29.73063004514675
XYZ436186,PGC042136,5.967388652134699,29.940923797962135
XYZ894945,UGC07976,3.676634934051498,30.490129387148134
XYZ862188,SDSSJ125504.03+074316.9,5.8968877796734365,30.57029478836726
XYZ894957,AGC232135,5.975519257099254,30.062438509287535
XYZ829430,NGC4845,5.776279319395243,12.259994677829042
XYZ370682,PGC039985,3.7646118007727067,30.672160179575265
XYZ665596,SDSSJ121443.03+103159.1,5.283619777032438,30.462433619655467
XYZ370689,NGC4168,4.114211671654853,30.211136459995803
XYZ468996,NGC4771,7.454181207431341,29.853805659668225
XYZ960533,UGC07579,5.645576422433122,29.976208210898243
XYZ567320,IC3355,4.3374832267521635,30.505400874313125
XYZ665629,PGC038872,22.05953900178213,7.57878457214203
XYZ370717,KK180,115.05937928592364,27.82989582978628
XYZ108580,PGC1279440,4.639176392806249,30.28278939119269
XYZ403505,IC3363,6.986332932685792,30.09598093071549
XYZ206897,PGC042945,3.739050232945053,30.605248514955807
XYZ600120,PGC1433167,10.479328360284375,29.788639739651032
XYZ174144,PGC042001,9.486980458109697,30.087042436299793
XYZ862278,PGC042008,4.655848300397853,30.215974267185093
XYZ370759,KIG0506,13.218861830868079,29.733561415026795
XYZ108615,NGC4262,13.18200445090474,29.428209356455334
XYZ600137,IC3017,4.605108153578573,30.222269175371434
XYZ206923,SDSSJ123524.43+050253.8,3.3952670369446305,8.355397501576217
XYZ665677,NGC4413,5.5808094724184745,30.226225588026136
XYZ698453,NGC4430,1.7246245181656503,31.143165706951343
XYZ338006,PGC1255427,6.765046165895644,30.014954931264683
XYZ370781,SDSSJ121845.12+061547.3,26.34679146137497,29.133633616021854
XYZ731229,PGC042077,25.53807438072599,28.977650471204704
XYZ895074,NGC4264,7.528165163344067,11.723682698561486
XYZ436328,PGC040913,29.100241443973438,29.27669648864328
XYZ600169,PGC042062,5.054218019969181,10.273354095390289
XYZ829545,NGC4478,16.759528472232216,29.277159971473065
XYZ993387,IC3059,7.828300326943918,30.037568077473328
XYZ501873,PGC041874,4.176744572151645,30.088890467372313
XYZ534643,NGC4467,14.084635706531717,29.7333314583799
XYZ632957,PGC135791,4.930411613873384,30.103287533153107
XYZ534656,PGC039584,3.6559159386182847,30.478215252518194
XYZ206977,IC3735,5.356333327280998,30.114397546033867
XYZ960655,PGC042204,5.796495424887658,30.149638261345398
XYZ632977,IC3120,4.95224507090588,30.39249128834854
XYZ207009,PGC039533,6.667573042232146,30.282177121490363
XYZ403623,UGC07143,7.453495928313796,7.668831680038618
XYZ436398,PGC039902,71.00057372229827,28.50843514851944
XYZ960694,SDSSJ121444.86+060916.2,15.395232632407792,7.405022327906114
XYZ862391,NGC4216,10.301992830049693,29.725736028713335
XYZ698552,PGC1233241,7.557940180518237,30.03175448519032
XYZ829630,PGC040554,10.460910175034591,29.93644698653913
XYZ469183,PGC1211453,23.18654137477068,29.121933402675626
XYZ665792,PGC041942,14.890879070725118,29.45419556777021
XYZ731329,KK164,8.045540588764213,29.71895005614265
XYZ600263,AGC229385 = ComaP,4.01381706615748,30.436230326690573
XYZ600271,IC3101,6.393998349509094,30.32485862345587
XYZ174292,PGC040409,4.355905284651524,30.256061417111
XYZ174296,NGC4415,4.43771439315088,9.834505382470727
XYZ829657,PGC1117977,7.655797695914619,29.886055154138916
XYZ993499,NGC4552,9.603725325955237,8.815934011456552
XYZ764124,PGC040958,20.43292216597841,29.227798660807924
XYZ207075,NGC4659,62.195626137019325,28.375340231071213
XYZ895203,IC0783A,4.761041342375586,30.358782324914216
XYZ796904,IC3105,1.6731500392038514,31.208861150100653
XYZ469224,PGC043698,8.33797416780049,29.880395736794206
XYZ993516,PGC040739,8.181104968186169,30.08230894041343
XYZ567534,PGC135794,3.737265716409538,30.695087586479808
XYZ993519,PGC135806,9.640356641714154,29.99571824425462
XYZ403698,IC3074,4.322754859283463,30.400351626382708
XYZ403699,PGC039089,5.333353732629447,30.10548272108994
XYZ665846,IC3044,2.7835467257522017,30.888042953793345
XYZ796921,PGC039893,15.764109280098515,29.630140439920385
XYZ305407,AGC226055,6.755469404962256,30.292711565337317
XYZ633090,KK173,4.400582703608976,30.231448935022964
XYZ731395,NGC4713,14.408626254004538,29.618771829002334
XYZ403721,SDSSJ123044.76+054919.5,16.392546714866185,29.542340334194297
XYZ960778,PGC1382204,9.527360092263178,30.077992518642443
XYZ731407,NGC4366,13.433765129833091,29.660865919024864
XYZ600340,PGC1267592,12.004969867792418,29.5069166505927
XYZ960789,SDSSJ124936.90+215505.7,5.204612425325152,30.39797442070461
XYZ731418,PGC1097431,4.188562403716139,30.267154641014404
XYZ174363,AGC232135,3.1721175303280824,30.4703543114337
XYZ665890,IC3074,21.325612695222127,29.14350764919242
XYZ567590,PGC091191,8.936838322924222,29.972484547480025
XYZ633133,AGC215145,6.032255654741648,29.935697576145575
XYZ207152,NGC4434,2.091514575486154,9.854909619381939
XYZ600373,KKH80,1.4723013164396865,31.14864785043331
XYZ796984,SDSSJ121201.19+102354.4,12.973811900780335,29.28972591417414
XYZ895296,PGC042754,11.422081545682548,29.620701094728677
XYZ272704,PGC1215961,4.590718095413411,30.157413442214416
XYZ174403,IC3049,3.857291824194125,30.491319486673596
XYZ731460,PGC040641,4.116417945466359,8.812559456958148
XYZ239941,PGC042853,5.2472241449458625,30.368180915297767
XYZ829766,IC3225,4.34483015049299,4.9462346930394325
XYZ502083,PGC041325,3.1701128284562823,30.730413264719296
XYZ731464,DDO157,6.312448187289561,30.057781086364866
XYZ305484,PGC041191,13.787223846564194,29.611043624244857
XYZ534862,SDSSJ122933.64+131145.6,1.701642428870564,31.045613153853235
XYZ403809,PGC1365234,5.445838798208219,7.329011319973059
XYZ403828,PGC1528400,13.996181142497079,29.603254427352002
XYZ633207,EVCC0658,6.820778870417734,29.971404804329673
XYZ797051,PGC039727,23.82697589398059,29.109787288632873
XYZ862596,PGC041962,10.465020564228007,29.688146911475425
XYZ207241,SDSSJ123044.76+054919.5,18.33394985827697,29.493177587109408
XYZ534934,PGC1187621,16.86868046276632,29.480355941158564
XYZ174491,PGC041345,1.1868743908776962,31.673422570055276
XYZ403871,PGC041068,10.531338745078097,29.722306137604427
XYZ403878,PGC041840,5.658707269462778,30.128379563143675
XYZ240042,PGC038728,4.417678928660977,30.405381011382342
XYZ928171,UGC07387,6.14454374255833,30.227185088964692
XYZ666028,UGC08011,6.986403031722632,29.90028924810387
XYZ207274,PGC042586,5.2366509307174125,30.409783642304472
XYZ272820,IC3267,1.8235922246933556,31.200244615707238
XYZ174516,UGC07929,7.623447749082117,30.11574210857718
XYZ338359,IC3716,5.287771000750773,30.226677626284584
XYZ764355,NGC4179,2.5175873304156564,30.807649057163015
XYZ338378,UGC07953,5.127540613185038,30.25302117058018
XYZ371147,UGC08382,19.15579436598974,29.74478787192
XYZ993758,AGC229053,2.052715392316233,30.48866244018146
XYZ666081,NGC4793,8.644432163695452,29.730169246684486
XYZ371175,NGC4522,7.8759069851047325,9.365845852779092
XYZ207335,PGC3294218,4.3802422390082185,30.47491980844964
XYZ502249,[TH2002]230,3.478346951600605,30.742237573581626
XYZ109037,NGC4632,25.391009272472743,29.0526039235288
XYZ338417,PGC041918,4.727138252577111,30.28034749975022
XYZ535034,IC3658,30.699983663664256,28.9020660666209
XYZ207355,IC3652,2.9717367827784447,30.551521620954986
XYZ371197,NGC4498,8.351887782130252,29.65553175660809
XYZ469510,NGC4419,6.542747682348588,30.380455404136228
XYZ928263,PGC040946,7.929393530014202,30.144703736371245
XYZ403976,UGC07425,6.71183712945466,29.997862078163667
XYZ928268,UGC06670,109.87251146600205,28.019374158237362
XYZ895501,IC3313,13.017240286583986,29.555724286528847
XYZ272928,PGC1410554,6.390166513516078,30.12133241346144
XYZ961060,PGC041180,2.328124490187951,31.065669472816946
XYZ305708,NGC4165,9.758282293208078,29.57579242489894
XYZ174640,PGC1229057,8.01007191810679,30.139207377544516
XYZ895546,NGC4482,7.7300691859869435,30.1570169934321
XYZ666173,PGC039539,11.65678771932212,29.909905408574197
XYZ666175,PGC039370,1.8687503759604356,31.24725984536557
XYZ993862,SDSSJ125703.47+092258.9,4.1273644808326,30.54578835029741
XYZ141910,PGC214037,11.565300609428471,29.705195815464943
XYZ731735,NGC4523,4.207347453173597,30.334104984045855
XYZ141916,PGC3294233,6.576884141437052,30.165093762788043
XYZ895584,PGC038993,6.318268011540328,30.195808806100477
XYZ633444,IC3435,27.877357267042,29.128117756836442
XYZ338534,IC3474,6.31664208951396,30.069281955089284
XYZ109162,PGC040553,5.401661761690585,30.278909609193928
XYZ895595,PGC042779,13.464237345053986,29.670567135905973
XYZ535148,PGC041284,3.6975720297998307,30.6045519592376
XYZ698994,NGC4632,9.27391244322973,29.850569144768098
XYZ993906,PGC042980,5.985759888508073,30.240394635563035
XYZ469625,PGC040814,11.468184297325601,29.923507351328208
XYZ436858,PGC041631,4.825209072809581,6.989296120417833
XYZ862844,AGC225876,14.614586378557558,29.325041375189674
XYZ174725,PGC041185,2.72230885274241,30.997087663365246
XYZ797317,AGC732250,3.1746342784734503,30.51481427494974
XYZ830088,AGC227927,15.939407231538642,29.37416290972347
XYZ895632,PGC040670,6.186500744273396,30.217986610323507
XYZ895642,NGC4643,5.756812814103942,30.259851009202208
XYZ993950,AGC229124,4.104281264094243,30.464652222204112
XYZ141985,PGC3090638,13.214102589029366,29.733282236692524
XYZ436909,SDSSJ122204.66+074422.0,6.651495623551336,30.10234824739254
XYZ109231,NGC4366,7.89991967036688,29.919812941421224
XYZ764596,IC3292,1.6591033169313172,31.377645093965874
XYZ567989,PGC043698,7.591658177673043,30.253018258771394
XYZ633531,PGC041167,6.177996792031105,30.22122012894381
XYZ797380,DDO154,8.93135960511804,30.043888256632652
XYZ797384,NGC4647,10.60470150454974,29.803987721065017
XYZ109262,IC3155,10.062750926516507,29.711543161256085
XYZ469723,NGC4353,2.7761287672612682,30.51617088942738
XYZ371422,PGC041240,5.667137869705556,29.99669772206243
XYZ502495,PGC041084,80.89104502056553,28.245936410040716
XYZ109280,PGC042225,6.987741227995114,30.096175542399372
XYZ404193,NGC4600,8.017925238152289,30.08179665234114
XYZ961251,SDSSJ122020.13+094750.0,7.4551956648686115,30.053823939268415
XYZ273131,PGC041027,11.471947162576765,29.81150493526078
XYZ436972,PGC041495,2.045619353875742,31.141667102434127
XYZ436982,PGC040505,69.63870478859342,28.241757736035435
XYZ436987,PGC041137,4.735411692386892,30.165227910129165
XYZ895743,PGC041906,7.446688678817425,29.885665783881574
XYZ895745,IC3371,6.899582295535223,12.21948526500298
XYZ994051,NGC4725,8.935981469922114,29.733452838688176
XYZ862986,PGC3294282,5.786692801349051,30.73829778068678
XYZ502543,PGC041428,7.82112756414849,29.949859607193474
XYZ535313,IC3430,4.7188233870379115,30.314591252571418
XYZ371475,PGC041195,25.40157810870771,29.075566847183342
XYZ928552,IC0794,13.690170359889178,7.546638857633244
XYZ338729,PGC1211453,3.7021448760404647,30.38454562927026
XYZ437034,PGC039556,10.304376388488603,29.881167113970555
XYZ895786,PGC1193160,24.54145873955104,29.023610312441047
XYZ502569,PGC039421,1.3097897912044554,31.322824073274504
XYZ142128,IC3218,9.878159771004555,29.861925081739166
XYZ600881,DDO139,10.142404731947629,29.732645045828452
XYZ994098,DDO139,8.478250080760661,30.050591170500216
XYZ633668,PGC039639,10.904718828154083,5.043734187708321
XYZ207693,PGC1199069,3.884487761295979,30.48783109201277
XYZ502611,NGC4608,28.003786871724454,28.98544286299445
XYZ633688,UGC07421,2.7058099844871957,30.776761101059602
XYZ535391,PGC041508,18.39956818796187,29.303737911005857
XYZ666466,PGC135809,8.7244442871946,30.00139588992225
XYZ109413,PGC043072,13.057635719313732,29.590895830042342
XYZ699240,NGC4178,6.2564449363004915,30.035117712972927
XYZ764784,NGC4754,6.048418938663428,30.248370026215287
XYZ895858,NGC4330,4.445001994454294,30.32301618401725
XYZ109434,UGC08053,5.168299682458431,6.683935304479068
XYZ109438,PGC043421,10.405342925461,29.846952840313598
XYZ600961,NGC4344,5.1556377446112585,30.145460663371463
XYZ535441,PGC041845,1.9255717836468778,31.24335694358917
XYZ666515,IC3215,4.6578512870612725,30.655263316614267
XYZ142229,PGC040766,10.899682394157038,9.273479708320046
XYZ797594,SDSSJ121141.87+131146.7,3.766759580717099,30.57062472017351
XYZ371622,PGC1466850,13.91956076547337,29.812745498422043
XYZ469926,IC3576,25.148227254250916,29.26202899096156
XYZ961448,NGC4461,48.690688676199755,28.457508522621822
XYZ535470,PGC1580851,45.170723567030166,28.679304953987913
XYZ699329,PGC041918,2.9525718550851985,30.55863469027989
XYZ207811,PGC040186,6.287089714038294,30.419286476675587
XYZ175045,PGC040444,5.919347930070721,30.389354475752043
XYZ732102,PGC038947,39.676467280044534,9.78044726662726
XYZ502730,NGC4382,6.316810697428001,30.343715712561142
XYZ895950,PGC041174,4.840966747810301,30.09078708423944
XYZ895955,PGC044685,5.855865410069534,30.47124751638923
XYZ994259,SDSSJ122020.13+094750.0,3.2468911379294325,30.591152622172313
XYZ240601,PGC1397674,3.6172440916079847,30.644686045613167
XYZ797659,PGC043580,18.317756468122266,29.382065206959293
XYZ175068,PGC038878,26.515831814500842,28.8728538455634
XYZ568289,PGC042087,4.641293528957091,30.46616585803972
XYZ601059,IC3077,3.633528805746209,30.54438817171962
XYZ240614,PGC043180,7.346032518330242,30.006347577008984
XYZ666606,IC3391,1.1326825069301805,31.33314131635251
XYZ797683,NGC4207,5.600372620692556,30.281502427649098
XYZ437243,PGC042771,4.823591279759014,10.071554421983766
XYZ273404,EVCC0116,7.805784408448039,30.03890411275961
XYZ961541,PGC041570,21.547097592965105,29.201008985700653
XYZ797704,SDSSJ121141.87+131146.7,13.664021888821846,29.680539206976164
XYZ306198,PGC043119,5.084306468209526,8.449542640034394
XYZ764952,NGC4257,6.10516821773192,30.126362585297827
XYZ699417,NGC4339,2.8026495276796743,31.080959779068777
XYZ371744,IC3065,20.46041955089923,29.396874699052045
XYZ994337,PGC041593,5.908297475163666,30.16786697614944
XYZ666659,PGC1355373,9.299562369557762,29.971283514364213
XYZ928819,KK128,4.444766684889262,30.263961919777127
XYZ863297,PGC1260930,3.4125626080179585,30.63458288859807
XYZ535625,Mrk772,9.5880853513931,29.79116838785384
XYZ797774,PGC042673,5.389471635153269,30.33900958085487
XYZ797781,NGC4424,21.176072485006063,29.17316096204811
XYZ797801,PGC041433,4.224038368521776,8.862363917059973
XYZ732277,SDSSJ125355.24+191533.5,5.408558212438746,30.29469678743366
XYZ633983,UGC07346,21.345598783353875,29.286556315631127
XYZ568454,AGC229180,8.242523972923667,30.038742634676392
XYZ699538,SDSSJ124942.06+052922.2,4.742127241502411,30.293808869243513
XYZ732308,PGC040547,40.01788159563856,28.949682087757008
XYZ208021,AGC226061,20.59381534184119,29.26121859684553
XYZ535700,PGC042613,3.6174098561671038,30.665112718541792
XYZ208023,PGC1213772,12.37979910424253,29.748027298039155
XYZ437401,AGC732250,4.7260407920036425,30.342640977894025
XYZ437402,IC3025,4.814713531701084,30.538598910056127
XYZ732313,NGC4374,69.67318138430402,28.46088823510993
XYZ273574,PGC1184482,16.3665529020933,29.23989322584936
XYZ470187,PGC040453,7.985112661397453,30.073502808415007
XYZ306347,IC3391,6.899487607189639,30.170275046133582
XYZ535735,NGC4478,2.7288153953644976,31.05577553780763
XYZ404663,PGC038926,2.3447536196015144,31.015584810005816
XYZ240828,IC3313,7.404322266972015,30.185056806726326
XYZ535741,PGC1120391,3.893937587525718,30.43646124332683
XYZ404674,IC3155,3.6410307223217533,13.098022243676454
XYZ830660,UGC07942,3.350278708439206,30.830027148454693
XYZ437445,PGC041626,3.7953083636838376,30.747678102810262
XYZ208078,NGC4608,39.76134303324374,28.898074162836537
XYZ568527,PGC040810,17.22520986525553,29.440401764437958
XYZ732371,NGC4565,9.155297992123467,29.827832093362748
XYZ437460,PGC1207559,13.747963569163321,29.406495030131758
XYZ437488,PGC041284,8.360891550657865,30.00747865119054
XYZ961784,PGC042710,9.69734462088582,29.48034044648604
XYZ601337,PGC040186,85.97687455341868,28.394185031964373
XYZ765176,IC3384,4.552615025668929,30.546765154974995
XYZ830717,PGC042796,5.614581774929076,30.178325473138504
XYZ273666,PGC135806,5.811031567523646,30.16891543094141
XYZ535811,KK180,13.436060326213925,29.42263602123275
XYZ175364,UGC07945,3.52306922993268,6.64399360553335
XYZ404746,PGC041664,1.7115280366525973,31.183662102065966
XYZ666890,2MASXJ12194916+0511061,8.66376491605107,30.259393162532277
XYZ175373,PGC041182,11.303586325313688,29.647067663492187
XYZ797967,PGC039542,5.167845487996822,30.08545022826029
XYZ961808,DDO097,28.956278166158842,29.057491061248136
XYZ470292,NGC4455,6.87836670748703,30.513382740952302
XYZ568600,PGC039838,6.569673875364819,30.44210377575968
XYZ797983,AGC213178,5.717624363088807,10.720466176114787
XYZ634147,SDSSJ114957.11+161743.6,1.4769419154278458,31.374136284497666
XYZ142628,PGC038872,1.8732105499659168,31.009059685109175
XYZ830758,NGC4826,16.0109515459105,12.054529590291647
XYZ372008,PGC041214,48.533525569519675,28.59327032125409
XYZ699693,NGC4312,2.9195261064649256,30.83280377332929
XYZ306482,SDSSJ122038.59+055432.3,10.084503927968054,29.90144895991855
XYZ863538,PGC039883,2.7475561419870638,30.866611627299953
XYZ404788,IC3653,13.520383836176377,29.507271583012425
XYZ503098,NGC4528,69.26037292313215,28.199416127080294
XYZ240954,UGC07249,4.431677504756635,30.287482618526763
XYZ437576,PGC042155,12.534170094961784,29.734283464162086
XYZ339273,UGC07991,4.488871205901843,30.48838108553824
XYZ208201,NGC4624,17.13683500663442,29.27219091279012
XYZ109905,PGC042381,4.138750213361942,13.545498972384284
XYZ634200,NGC4551,2.9468648003503213,30.671704493066812
XYZ798051,PGC039351,1.443154004372236,10.355166077047539
XYZ666979,EVCC0259,3.5340786754120055,30.419112884329618
XYZ765283,PGC041091,8.670757401336795,29.881877880895004
XYZ535912,NGC4900,2.5330985791906557,30.72577597239898
XYZ535916,PGC1294753,16.878962738669156,29.469216995025693
XYZ601454,PGC1122171,8.39229140878172,7.539571118188064
XYZ732528,PGC040957,2.2687347772931714,30.63769183494073
XYZ961907,PGC039923,7.245111946806258,30.073742329562833
XYZ241013,NGC4489,1.618306395169956,31.078562871932114
XYZ109948,SDSSJ122613.89+035013.6,49.00213055173334,28.379086072711377
XYZ601471,SDSSJ121804.89+074444.9,5.048671706468564,30.494986963318677
XYZ470403,UGC07824,3.478113209222663,30.708774237281087
XYZ208260,PGC041574,4.574929209491489,30.53941702494782
XYZ470408,UGC07990,4.252428520262314,30.60569018094639
XYZ306574,PGC1282537,5.361189912354647,30.2502157344713
XYZ535954,NGC4197,14.238407353430224,29.690185642479346
XYZ273816,PGC041195,2.8272804678003927,8.185377669860138
XYZ241057,PGC040453,97.92992020144338,9.355360589673282
XYZ896418,PGC135794,13.21499206763781,29.596366490077692
XYZ142763,PGC038539,8.053088115907792,29.915479091760506
XYZ470454,PGC1402698,1.4078585263388812,31.307642308454856
XYZ175546,PGC040867,8.53274198072002,29.83849496379064
XYZ142786,PGC1103962,1.61252631937948,31.157957741653394
XYZ142792,PGC044685,7.041802408775694,30.226001447628757
XYZ601545,PGC039230,9.321213515165546,29.868667554377833
XYZ306638,IC3369,8.581788692294543,29.87524861342726
XYZ208339,IC3371,1.7233133344487963,4.433590847768308
XYZ536022,PGC041458,2.7964764196981395,30.479097107614376
XYZ536043,IC3032,6.048358954550228,30.220728271107873
XYZ503278,PGC1283313,8.528715412653609,29.87978528704562
XYZ110067,SDSSJ121707.14+074401.9,6.593801551148672,30.078505644049596
XYZ437753,NGC4067,11.403043454790012,29.749877064737763
XYZ962042,PGC041907,23.124404198377718,29.19603778542245
XYZ273914,PGC040659,11.776534230374823,10.795364577903339
XYZ994810,NGC4371,4.647303600037128,30.628482591109353
XYZ339452,PGC040912,15.838594893523476,29.337518345512088
XYZ241151,IC3530,2.182832548427308,31.04321526895431
XYZ241152,NGC4262,1.7272143921802023,31.02813621892658
XYZ110084,AGC732194,2.1620230494866286,11.44106740398216
XYZ503307,PGC042878,20.148841344344827,8.873149590666383
XYZ503308,UGC07422,3.764487731551984,30.808930273186466
XYZ175634,PGC039606,7.36056767813868,30.01062677120107
XYZ732695,NGC4579,28.844951810632004,29.06947265898219
XYZ273949,PGC044215,5.828475953733796,30.31966463242168
XYZ142877,PGC039806,8.305971685642751,30.08557091333078
XYZ339490,IC3442,6.883204194392327,30.06063106228691
XYZ470562,PGC1207749,12.286412021772904,29.555710052772785
XYZ142884,PGC041631,4.925291022500016,30.264371739848755
XYZ667170,NGC4612,5.685087476749378,30.356427700749162
XYZ699943,NGC4904,4.612048212157412,30.29774432001255
XYZ470570,NGC4592,24.437474085708107,28.84141844821198
XYZ962095,PGC042666,4.906169894061124,30.33687630906912
XYZ929328,PGC041027,7.461569579511753,30.219210316806222
XYZ470577,NGC4413,12.467201621697571,29.615738694714484
XYZ667184,PGC039018,3.62305299924315,30.80201666537119
XYZ110128,KK173,10.082060282059308,29.709817944405735
XYZ175676,UGC08011,5.248609004398031,30.333690439470743
XYZ142913,PGC039996,5.939068186412519,30.191302387053675
XYZ470596,NGC4586,7.91443050274374,29.861290477843895
XYZ568903,PGC040631,2.2303371076301173,30.729761046507953
XYZ241224,NGC4281,7.763070529933388,29.74566458240747
XYZ634443,PGC3295140,24.26382689877123,29.058770385237484
XYZ896599,PGC041191,12.686411049404931,29.476917020935634
XYZ175705,PGC041156,75.90032443729287,28.18555148529579
XYZ994912,PGC042710,13.008424644729566,29.588412585466283
XYZ503400,IC3303,2.131670127812828,31.14550692809192
XYZ536169,UGC08041,3.3241402848107433,30.799350797114784
XYZ929386,AGC228094,3.03981097796638,30.953182419422166
XYZ994926,IC3033,11.005044803777878,29.701762778837555
XYZ241264,PGC040408,5.270301097996336,30.722133782561016
XYZ110193,UGC07178,34.93161107667402,28.996433067931232
XYZ405105,SDSSJ121744.76+060457.6,14.825145710420244,29.38016770143735
XYZ536179,PGC039803,3.4721809926557574,9.137500623460458
XYZ503413,AGC749454,1.6497524976969276,31.311414272871183
XYZ863863,NGC4880,13.906386805294453,29.60722503687721
XYZ306811,NGC4287,1.7074808538644208,31.11128073694745
XYZ536190,PGC1441122,10.83660964290841,29.80539327986811
XYZ896643,NGC4192,6.847643078782259,30.11493747644527
XYZ536195,PGC1150193,16.606543437192073,29.21727986015892
XYZ110211,UGC08061,2.409861778934493,30.968275226861255
XYZ634503,PGC041345,12.118569241507531,29.80786235538819
XYZ601737,PGC1122171,7.302399779526543,29.995193328852714
XYZ962187,PGC042332,42.90343903455039,28.6631842971131
XYZ437916,PGC042325,4.580362972913541,30.605049377588784
XYZ503461,IC3583,6.677246362359991,30.162677701905654
XYZ601775,NGC4540,35.157545949035764,28.679708123071336
XYZ962235,PGC041192,15.024696873782348,29.435156231443184
XYZ667328,KK167,13.873141847917287,29.762294851420503
XYZ732864,PGC040683,9.880492678002643,29.923347405606627
XYZ306883,KK183,2.6296646662725314,30.804409664761256
XYZ798404,UGC07824,23.24049031135738,28.931635721408192
XYZ601798,NGC4366,13.256301932059003,29.652378521610306
XYZ601799,SDSSJ124823.09+050816.3,5.746719826867009,30.208476099188573
XYZ110278,IC3716,3.409026754109074,30.582862755074764
XYZ143051,PGC039652,4.742838932392128,30.523371366786016
XYZ143055,UGC08285,6.65025012115281,29.975491885196515
XYZ863954,PGC1292607,4.862963328947523,13.817621749694638
XYZ732890,DDO121,3.8890766471703,30.43766419155232
XYZ372443,IC3806,3.2026678379117373,30.564203038634627
XYZ765660,PGC1537492,5.4607973510019665,30.141047119090604
XYZ601825,IC3017,1.4867961076214875,31.100108401511324
XYZ437992,PGC041917,13.01807737836993,29.369751880577926
XYZ601833,DDO137,3.210089883714202,30.76872347822523
XYZ798442,IC3259,5.100727992253872,30.11470806379641
XYZ634603,UGC07307,3.3169802101052572,30.496962996106937
XYZ110316,IC3637,8.244205863335738,29.805386172435853
XYZ306930,NGC4599,34.18055396132667,28.58502732997134
XYZ667384,NGC4647,0.8231456668940595,31.846927551865008
XYZ667391,PGC040547,4.868676022688232,30.50087901323908
XYZ241413,SDSSJ130440.05+184438.7,15.141385003694664,29.589003843768864
XYZ569108,NGC4406,7.202565779340748,30.025999185460616
XYZ700182,PGC041695,5.683972586601534,30.298532481526156
XYZ470808,SDSSJ121222.40+223529.1,9.594287680303113,29.784968684016533
XYZ831273,PGC039008,4.285126707318986,30.394321551821168
XYZ405291,PGC040074,8.773091533018887,30.24719601383867
XYZ339763,PGC039620,10.08974272984387,29.80881287803528
XYZ307001,IC3267,16.331866943783815,9.645362455321592
XYZ962371,IC3218,5.513554988113704,30.575208407826477
XYZ438089,PGC1187621,5.8633292774900205,30.286529679837745
XYZ601929,PGC1108616,9.442808033712456,30.011838778128933
XYZ274251,IC3391,4.905976461651336,30.29801375194077
XYZ733006,KK173,21.13098110934551,9.191387618817487
XYZ307032,PGC041592,10.60545747614355,29.757813048749274
XYZ405339,IC3465,2.1760792501444417,8.758835542553022
XYZ143195,NGC4479,13.030624228280818,29.58896268647833
XYZ372574,PGC042173,13.75352967194797,29.59922716684072
XYZ601952,PGC042547,17.168953773565274,29.283996735918542
XYZ667491,PGC040831,4.332847048457787,30.569744535176874
XYZ307049,PGC040214,46.33321641312742,28.591713619971138
XYZ634731,PGC040803,1.5059995861242195,31.39801528974779
XYZ667506,PGC1364593,13.056918281562265,6.784493080644033
XYZ896884,PGC040759,5.797631871038915,30.334031789067126
XYZ110453,AGC732226,27.813276509310256,29.0375831161666
XYZ733049,PGC039488,5.984286166187715,30.497345330101325
XYZ569213,SDSSJ123549.46+201755.0,9.862120444060663,29.961088350807817
XYZ733058,NGC4845,9.576113064966727,29.947531138509884
XYZ274314,IC0798,15.692045681904865,29.629360905420963
XYZ470924,UGC07138,3.5237993301899038,30.465680471847996
XYZ143246,AGC215145,2.743713147748209,10.413129179035074
XYZ274320,PGC039928,11.561033665080929,29.73149563492959
XYZ929696,PGC1229213,10.324392589886134,12.75901891842415
XYZ700320,PGC042378,6.722053469337371,30.10192197538742
XYZ667558,IC3381,11.468087861617636,29.6435334148202
XYZ339879,NGC4303A,5.303919280470336,30.20616156108091
XYZ765866,NGC4808,7.058139081210354,30.30188298732761
XYZ503730,PGC042442,3.770668073062748,30.515294837852853
XYZ733112,NGC4417,2.995720500911799,30.713997810579862
XYZ569273,PGC041395,2.3103708266967984,30.984191402247415
XYZ176059,DDO137,115.18127614086472,28.181654296843156
XYZ962494,PGC043183,10.972275845747667,29.892327846428874
XYZ962515,RFGC2285,2.5881992408092787,30.887029770213793
XYZ569299,IC3066,16.811321545387205,29.376580536215535
XYZ339924,NGC4442,3.740699002231157,30.386351735364194
XYZ602072,PGC040825,5.382178007497713,30.389756083508434
XYZ896985,PGC039813,4.497373802237467,30.239219356919275
XYZ733150,PGC039532,5.548676467317667,30.371627139377942
XYZ700383,NGC4643,30.681515350433635,28.92093160071405
XYZ536543,PGC041264,8.55206598526925,29.885616537315112
XYZ143341,NGC4470,10.723381476649992,29.47840543724884
XYZ339955,PGC039772,13.716970901200387,29.363944516108518
XYZ897013,PGC1565426,18.36457015507946,29.482441141831572
XYZ864246,PGC040769,5.814543599095232,29.973266234041287
XYZ765952,DDO121,75.95114482017674,28.384658507690997
XYZ536577,KK128,6.971917747219863,30.091242659748385
XYZ143363,NGC4826,5.267309803398134,30.344552065209484
XYZ536580,NGC4698,3.8294700429487913,30.46250238116909
XYZ569349,SDSSJ115300.30+160229.4,10.634217288435995,29.77664308902395
XYZ798723,UGC08048,10.667285690263094,29.851261527226132
XYZ995340,IC3779,6.7961142878286855,30.139988422685885
XYZ208909,PGC040957,5.954799196665016,29.955684209230846
XYZ962574,SDSSJ125208.90+030714.6,5.571687729803224,30.430166913954398
XYZ405526,PGC039565,5.446599527495467,30.343635862614438
XYZ897046,AGC229379,3.9565503967246594,30.712401342343124
XYZ536606,PGC043864,15.110428769111452,29.556515235343156
XYZ765988,PGC1374571,4.6294872879805435,30.51000351469407
XYZ733224,NGC4647,14.934562544896744,29.475543662747597
XYZ110645,PGC039509,5.17892579265851,30.172427724663425
XYZ503866,PGC040491,13.096611600595521,29.503172253928078
XYZ962619,IC3099,5.308231394784797,30.01712681872948
XYZ372800,UGC07857,4.032790824977558,30.365641419500665
XYZ602179,PGC042613,3.987084856801606,30.567160451485456
XYZ503876,SDSSJ122056.32+051120.5,3.8699913940751003,30.697862327585597
XYZ405575,PGC039772,1.3463619346451852,31.362762032710297
XYZ798797,PGC1089367,4.291381357827378,6.434806379829464
XYZ471120,NGC3976,12.710153598081352,29.901510676971483
XYZ503890,PGC041835,3.513394123379584,30.750679500158434
XYZ372836,IC3061,15.18613567122296,29.569513474138056
XYZ340078,PGC043013,3.4159680373458103,10.966724750718797
XYZ766065,PGC1286394,4.206631706492742,30.3907852583665
XYZ471155,PGC1380373,9.068739147059382,29.890696074161713
XYZ667766,NGC4390,6.953786703430724,30.040493591568186
XYZ110721,NGC4809,29.811424286709734,29.11408198674554
XYZ667791,PGC1488625,2.432960468704144,30.79269359660039
XYZ962708,PGC041180,3.0266259289518183,30.990537673805488
XYZ176278,PGC3111475,9.795201749902201,29.590326222094617
XYZ143510,PGC089680,13.71335005890404,29.604351931079027
XYZ602270,PGC1142295,1.3424437436844743,31.12585812339389
XYZ569505,IC3025,4.744318846088081,30.671145904904275
XYZ372900,PGC040050,12.549592038015398,29.547654324526807
XYZ241828,NGC4451,12.199642473079313,29.41161762159997
XYZ995492,PGC1120391,7.330899325146455,29.81084417382609
XYZ176296,NGC4591,2.6974817772453803,30.50367657200626
XYZ438443,NGC4599,7.137800374682601,29.974834029168598
XYZ667841,PGC2832063,14.299830616847617,29.61497173326799
XYZ438476,PGC041167,6.615397574933191,30.15003946731524
XYZ504018,PGC1537492,7.868532359293363,29.8338492160678
XYZ274643,PGC042132,6.784542833875524,30.021154281957557
XYZ897238,PGC040107,3.8935314663765994,30.660604989135198
XYZ635100,PGC1142295,27.092953924621455,28.910649062375796
XYZ536801,PGC042173,3.66629763667996,30.736942909509416
XYZ635107,NGC4570,9.098630765372128,29.91976624267486
XYZ930020,NGC4526,10.013862667091331,29.68263882588329
XYZ471275,PGC041007,14.613001335695632,29.489174598529097
XYZ700652,PGC038784,4.065862676144663,30.29474240755746
XYZ110830,PGC043261,5.779167474277703,29.99332964484073
XYZ176366,PGC038754,2.2853615400285454,31.14905170153406
XYZ471281,PGC039460,28.639816951631722,29.13007090758324
XYZ274683,PGC1528400,14.06600182464219,29.641017441114396
XYZ110844,PGC041174,2.958818200691332,30.67115784240905
XYZ831745,SDSSJ124322.80+054555.2,5.017493569710057,30.36139923987487
XYZ405765,IC3349,3.1243898797863037,30.571897456119835
XYZ536837,IC3442,12.922024995785225,29.69035755907856
XYZ274699,PGC1128047,56.89654633028283,9.670939541555011
XYZ864525,NGC4654,7.210928601979816,29.871954119491434
XYZ569614,PGC040759,8.026041557417313,30.126871639187527
XYZ438545,EVCC0259,4.811336079087763,30.366357553494325
XYZ897299,NGC4753,15.547014912587315,29.583833704225835
XYZ667936,IC3446,7.535368472023696,30.2347533849787
XYZ143662,PGC1397674,4.482420902869021,30.37110725504437
XYZ274735,UGC07625,15.364740339047959,29.240522804580248
XYZ635187,UGC07185,1.108007710358957,31.512982261116615
XYZ700728,PGC040631,1.5900877240592006,31.18114060281745
XYZ897344,PGC091191,8.276599395189908,29.94410144503713
XYZ766287,PGC042417,2.4475681587561007,31.161291980192804
XYZ405856,PGC039620,6.610724381486805,29.97086143329841
XYZ897378,EVCC0504,3.5657796721957675,10.243428904846922
XYZ668006,IC3499,80.79821623051008,28.446126443623985
XYZ110956,NGC4276,19.801562007567842,29.4743247165655
XYZ504175,PGC039833,30.582656784714942,28.92888138049918
XYZ635248,EVCC0580,28.468744137359398,29.164667825015588
XYZ110960,NGC4621,13.839401782265853,29.31316437703948
XYZ274815,SDSSJ124101.06+094306.4,5.88564336162224,30.218902694640235
XYZ897407,PGC041068,13.449856123777543,29.5421770049554
XYZ209295,UGC07953,6.678212758103547,29.98410910065613
XYZ864657,SDSSJ123102.35+180012.4,13.029446617975195,29.61047762847815
XYZ504214,PGC3296254,3.3135111009680283,30.736437065344795
XYZ700825,NGC4342,2.0983016127314915,31.113811104131234
XYZ602538,PGC038784,9.598510131360968,29.823748771765818
XYZ340406,NGC4356,16.654876047025184,29.385535540968306
XYZ340412,PGC040534,6.605608107071197,9.575931352659335
XYZ438719,AGC227975,7.794993329013013,29.909142368514892
XYZ700863,PGC041156,5.896161360521508,30.061089137218115
XYZ373184,AGC227991,4.42822303708783,30.61677768985319
XYZ504258,PGC041102,15.880762305552459,29.670720359954792
XYZ668098,PGC040737,11.249497938032992,29.487821819566353
XYZ373188,PGC2832117,5.238532352681378,30.429221896741225
XYZ209350,PGC042537,4.792843883657106,30.663143590045888
XYZ864712,SDSSJ121141.87+131146.7,6.410718457142658,30.272838911478857
XYZ930253,AGC227972,5.687904807494679,30.25314985026489
XYZ995793,AGC227927,6.665911964386838,30.118413202072556
XYZ176597,PGC041734,19.012410120674613,29.512897396136093
XYZ242134,NGC4123,5.234091737960965,11.32863461000532
XYZ995799,IC0798,4.774485930817343,30.378366601664876
XYZ143833,KK180,45.07876605844396,28.670954670580617
XYZ242141,PGC041541,7.431358939367467,30.181243905861606
XYZ274913,PGC041644,2.730827669714855,30.800312858481412
XYZ176613,PGC1410554,5.825384972023992,30.31854235705353
XYZ504294,PGC042350,7.229260917161881,30.118885847896642
XYZ963048,PGC039250,10.692956550096943,29.77741678554109
XYZ438763,AGC229321,1.8675581359726583,30.99040831883621
XYZ766445,PGC3091844,4.195272008607035,11.503701953412737
XYZ766446,SDSSJ123044.76+054919.5,7.245030568867098,30.158551109840804
XYZ831984,PGC1180748,5.3147917578061845,30.204944455843254
XYZ602618,SDSSJ124823.09+050816.3,10.967492433223871,29.666245387005663
XYZ242172,NGC4450,4.366333590410068,10.128206219920855
XYZ143870,PGC039971,5.094655430584333,30.294513802941875
XYZ176641,PGC5065931,4.583443511433914,30.575695751604414
XYZ864774,IC3718,25.8922114654997,28.791386969352867
XYZ111111,PGC1314461,3.3808370240531858,30.66066031724691
XYZ832014,IC0783,7.541301038817597,30.11182475257708
XYZ209422,PGC1415716,1.377376133337882,31.361014304621786
XYZ143890,SDSSJ120527.06+123243.2,2.2730716028099036,30.919981918349634
XYZ242198,IC3653,3.7326032083382064,30.60570878301245
XYZ373276,PGC043421,88.81917919310322,7.539630309311871
XYZ373281,IC0797,5.083227976906768,6.939741480767051
XYZ176690,PGC040298,2.554556335923246,31.101660523428517
XYZ766516,PGC039230,3.914390292848624,30.54915913216352
XYZ995901,IC3457,6.135483098969793,30.106821905499647
XYZ930365,IC3384,4.649587323129862,30.318824334708516
XYZ733763,IC3044,3.6236412899967454,30.744734028593342
XYZ537159,PGC038754,3.9562147445261546,14.328787599375431
XYZ832074,PGC1227738,6.05750493258606,29.855837610743826
XYZ537170,NGC4772,3.8031514778574635,30.53036649666084
XYZ373331,SDSSJ123109.18+181311.8,8.849889385270409,29.89212953920481
XYZ832083,PGC040424,11.272631451775494,29.666990373245238
XYZ143957,PGC039905,8.079992779885814,11.611758436186484
XYZ209496,IC3647,4.799614886174908,30.400712090198045
XYZ242264,NGC4733,14.023785367118528,29.508542069140148
XYZ897628,PGC042318,28.621547042099316,29.125907112261466
XYZ307805,PGC039501,5.3533239852302295,30.18558478359987
XYZ275036,NGC4641,9.236293164178816,29.823534009649347
XYZ963167,KDG130,1.8386196561093886,31.256405595194952
XYZ275046,IC3381,7.538961632054724,30.010140788236523
XYZ471657,NGC4548,2.526275406807581,7.749108404919824
XYZ995946,PGC041831,4.189709357554288,12.696055036685678
XYZ504434,PGC040434,34.85454785331546,28.825624933217675
XYZ471675,PGC042204,4.335352815777913,30.39243485863327
XYZ340606,NGC4659,11.641844306270428,29.87061546433885
XYZ504452,IC3391,5.328906500961424,30.21826646068598
XYZ438917,PGC039620,11.66014588045503,29.887856069112807
XYZ209542,NGC4579,1.687412646322049,31.208047287909448
XYZ275079,PGC1537492,5.242183009380997,30.397057043643564
XYZ799369,GAMA220751,5.265050269621182,30.08060727480787
XYZ701069,PGC040540,3.4694684293259583,30.61599595146868
XYZ307857,PGC040814,2.3300622148440953,30.96745512239395
XYZ504492,PGC039655,12.132101840108744,6.187663880742008
XYZ733868,PGC200170,1.5375403273726482,31.295230288604188
XYZ438958,PGC3294456,3.381137617818558,30.778839554529313
XYZ242359,UGC07421,13.509330131591161,29.67741449034161
XYZ832188,NGC4430,3.289811259598597,30.702580508578507
XYZ963263,PGC040444,4.321577853150971,30.566247806749672
XYZ701123,PGC040428,15.71060108982203,29.57322591141526
XYZ438983,VCC615,2.820694684960903,30.75961480332878
XYZ602828,IC3521,12.703661239977798,29.643250220930014
XYZ635597,PGC040279,35.14079053387123,28.902116260491294
XYZ209617,IC3571,17.049618607664904,29.247289458514818
XYZ701140,PGC038947,13.203972338347215,29.593865504016687
XYZ504537,PGC040951,31.411017919659123,29.05071543272406
XYZ537306,UGC07366,41.69659159775605,28.68484112103241
XYZ504550,PGC1170050,16.535615958355557,29.41662121407296
XYZ275177,PGC1416088,11.059296891548035,29.668528007499884
XYZ930541,GR10,13.176802242868096,29.75134130134238
XYZ766706,EVCC1002,33.569051626230454,28.926669368133453
XYZ701170,AGC227956,1.4831552812867856,31.23898018944319
XYZ471798,PGC041144,7.2951683509185274,30.162658014993244
XYZ570104,PGC2806928,15.4378791199097,29.332027299591676
XYZ799484,PGC040957,1.6299772575386695,30.97767848527759
XYZ668414,NGC4523,2.668948812042852,11.79542091472604
XYZ635647,PGC1538667,4.874804881406374,30.35993472411406
XYZ439039,PGC1279854,2.298481893998243,30.912607403838752
XYZ111360,SDSSJ124042.09+054856.1,1.6974157698789503,31.250159561936183
XYZ701192,PGC1181814,20.340550568193603,29.36061719644504
XYZ307977,AGC227973,6.928362664469259,30.064012588530158
XYZ668426,PGC041835,6.519888167466762,30.16023365770916
XYZ111372,PGC042068,14.558719504268286,29.426978389039057
XYZ799502,MRK1313,12.040038708177502,29.863315726938502
XYZ865046,PGC1143249,2.1498040001878693,30.953048062355723
XYZ439075,NGC4754,9.83232183629377,29.82367228164743
XYZ635688,PGC040050,3.2282074648969443,30.80258895467921
XYZ242478,PGC039018,4.316746466225269,30.719747725164268
XYZ701232,SDSSJ120459.57+142420.4,4.811391465378553,30.466436456985374
XYZ176944,NGC4382,3.4414408839700736,30.800472651672788
XYZ275251,SDSSJ122542.56+264834.5,5.856762437508129,30.28098814096847
XYZ996147,PGC039501,5.3329269185979165,30.135534534070533
XYZ275253,IC3358,11.20183484500345,29.72193362504522
XYZ897845,PGC039806,11.68388299562393,8.739421335794855
XYZ963387,PGC040096,4.545414840444552,30.62537669816464
XYZ832325,PGC041120,15.477811013479489,29.602352529989396
XYZ832329,UGC07929,17.518292646579024,29.406677764792143
XYZ340810,NGC4772,1.5645830491280703,31.569257404197746
XYZ275276,SDSSJ122825.86+111424.9,10.192369026798213,29.89110844590605
XYZ340830,PGC214037,13.52244513566268,29.45032120612558
XYZ734051,NGC4580,14.4219994748827,29.301843649679643
XYZ439142,AGC749235,2.0597456042781244,31.091669614659356
XYZ701288,IC3459,4.504311293750093,30.683247885460265
XYZ340841,PGC039309,23.557661261594035,29.185674185281144
XYZ570220,SDSSJ120958.86+250106.3,3.488458600389345,30.49928018609261
XYZ570223,UGC07642,10.653987767429545,29.77511174635656
XYZ602991,SDSSJ123524.43+050253.8,3.92757026868099,30.749118746539946
XYZ799609,SDSSJ125046.77+045323.7,9.974456833443343,29.943315563032602
XYZ406398,PGC040617,3.283411420556411,10.377128030494873
XYZ701315,SDSSJ124354.11+163250.5,22.71135038642834,29.161598962926366
XYZ504708,PGC038872,6.5865947856864935,30.265226114517198
XYZ373643,UGC07943,4.663589749731568,30.417839850511843
XYZ471962,PGC039655,4.906915230312564,30.376473023656565
XYZ308130,PGC042204,11.443065799245296,29.601374420948098
XYZ504742,PGC3296254,5.776236987023328,30.38019194385947
XYZ439209,PGC089680,9.953358121747534,29.809801507273
XYZ471979,NGC4502,11.519210348596292,29.73519364785662
XYZ308142,NGC4298,11.266149747276303,29.864663440977452
XYZ144314,PGC042381,14.22016298693303,29.437666768305135
XYZ668604,PGC042754,19.140129003267543,10.114741611625977
XYZ832447,AGC227975,3.186550474335937,30.54103423346293
XYZ504769,PGC041395,4.966929373701367,30.412896630167257
XYZ865220,IC3437,3.395644093708943,30.59903254042432
XYZ144331,PGC039286,7.896618433757536,29.988894096356535
XYZ734160,PGC1270208,3.788332796858741,30.729574569826642
XYZ177104,PGC040683,13.930528435483687,9.44890862467156
XYZ701408,AGC229001,2.5525796248296606,30.81486537453415
XYZ832486,SDSSJ121746.61+052236.2,2.0010993233680465,31.093773058010296
XYZ734184,UGC07982,2.076236662348277,30.84864819567135
XYZ504812,PGC1137065,33.46116759584004,28.791076793556705
XYZ996333,PGC042586,7.380138323306429,29.958040765037826
XYZ799726,KK183,3.4901022913379713,30.62132721624815
XYZ701420,NGC4747,3.670206673627946,30.519738361602133
XYZ930800,SDSSJ121820.26+050700.4,49.12213121675757,28.47894359084805
XYZ668660,PGC040177,13.6627427830183,10.295878625193833
XYZ701431,PGC1117977,1.9690747840640186,30.93840810858641
XYZ734204,NGC4467,14.378571050876053,29.7646154196103
XYZ537597,PGC042325,33.3973785808192,29.131027606159506
XYZ734210,SDSSJ120920.02+242649.5,1.763161512445196,31.19375774293775
XYZ865292,DDO156,2.4893995645168827,30.91140753087662
XYZ373775,NGC4233,8.093623067099655,30.0109356459015
XYZ701457,NGC4370,40.50755330809778,28.741143688165657
XYZ111634,PGC040560,4.448294708060045,30.356230454074762
XYZ209943,PGC042257,2.74115642790915,30.966076129713585
XYZ373784,NGC4116,4.226322465250442,30.413641922766367
XYZ799770,PGC043864,31.91508750904395,28.911097809832185
XYZ275494,PGC040779,5.108421997977593,30.393361629720122
XYZ242727,PGC041695,12.203046445228331,29.50448118076367
XYZ537640,NGC4267,39.248456547754714,28.78948755635975
XYZ177193,AGC230084,10.275866647541298,4.291538039073181
XYZ439346,KK183,39.74013945380845,28.776442481251237
XYZ177203,PGC042634,5.797727879806269,30.361256261363238
XYZ209979,PGC039910,6.401378404987477,30.021388767069784
XYZ898113,UGC07710,5.320461907114604,10.245084115147762
XYZ144452,NGC4233,65.2415468573642,28.29128182668353
XYZ668753,PGC1186061,12.21101471644582,29.779449686443826
XYZ865366,SDSSJ121140.31+125824.5,7.77819011029122,30.11474007901774
XYZ341081,PGC1120391,5.468063195992304,30.013714750227354
XYZ799834,PGC040521,28.900161351123607,28.952307405200536
XYZ799837,PGC039104,12.04096169192986,29.742053861154222
XYZ668770,PGC042801,16.92160814280394,29.41922024434385
XYZ275559,IC3097,12.073466193318234,29.76971772602864
XYZ504936,NGC4387,3.511474672395786,30.59211183059228
XYZ177264,PGC042417,64.76706783504206,28.470899690353797
XYZ242802,NGC4261,7.19646503968724,30.278517320606937
XYZ373876,PGC1184482,4.625533008288404,30.317236861849963
XYZ668793,EVCC0504,7.488254488941914,29.951215312142207
XYZ341113,PGC039584,7.141475949885657,29.808660435145956
XYZ898173,IC3476,40.76715196406261,28.806741928834942
XYZ668800,PGC041358,2.5601296216007396,30.989310984760124
XYZ636045,PGC040422,12.570969659960298,29.511618746923588
XYZ406670,PGC169266,26.164399948494946,29.005446768519676
XYZ832654,VCC615,2.3767157258464984,30.858989744052913
XYZ177305,AGC230084,11.685685123178596,29.88202602330433
XYZ439449,PGC042057,6.993537892528127,29.957372184750042
XYZ242851,NGC4502,66.380483970035,28.345845744952875
XYZ308396,PGC039766,2.7899087793082122,30.766876466977312
XYZ472240,SDSSJ122013.89+050106.1,3.3243905166402463,30.756179703457597
XYZ373937,PGC040787,11.967239443654174,29.815561942943955
XYZ570546,PGC3091844,4.867422044009773,30.473809955112173
XYZ406709,NGC4193,12.826093555063524,29.633339727916653
XYZ242870,SDSSJ124451.77+162505.5,13.663957411341187,29.956419423616513
XYZ537789,UGC07422,3.0723025810184152,30.896675706188912
XYZ996544,PGC169515,4.605739088209528,30.41191102270286
XYZ832705,PGC1811760,24.663985289038944,9.594377185390229
XYZ341186,NGC4491,21.652526455053785,29.516204637307478
XYZ603343,IC3487,6.60433294513728,30.021416480790208
XYZ177360,PGC1183373,9.081336616760744,30.060564583502853
XYZ439510,PGC039333,7.5220568044218545,29.950298788975424
XYZ832728,SDSSJ124637.60+221446.8,2.3477422515946316,31.162425143905534
XYZ537817,PGC039109,2.4175238828431223,7.490929990032122
XYZ799963,NGC4550,6.82712642644571,29.987379211073375
XYZ668894,NGC4450,18.448299054511907,29.220576049250507
XYZ799978,PGC040912,8.030250667840246,29.814622262528676
XYZ144628,NGC4606,5.00824505181193,30.394287846594345
XYZ111864,PGC135809,5.904015889638281,30.06891076463011
XYZ931066,NGC4473,9.593297249968602,29.98956653953125
XYZ865531,PGC1286394,4.943094356362973,8.597313743837333
XYZ144647,PGC039468,7.141611518402752,29.806475090620356
XYZ275724,NGC4880,5.308108680597994,30.091619152975625
XYZ374034,AGC226030,4.824949556912544,30.6351027577612
XYZ931095,IC3118,6.299824190027591,30.078917078235982
XYZ505113,PGC041358,4.910715085644326,30.233283839235032
XYZ701725,SDSSJ122243.57+052723.0,2.320648813935423,31.03620140939402
XYZ505124,NGC4197,5.416030883826715,30.326178616437144
XYZ603429,Mrk51,4.399648261846309,30.232769193125538
XYZ931111,NGC4472,4.919404634706291,30.13615346190007
XYZ275751,NGC4772,10.042306744410762,10.662308548852401
XYZ111916,NGC4551,4.918103507966037,6.585946272345588
XYZ210220,PGC041144,25.338777973259983,29.306177641872026
XYZ472369,PGC041805,7.0101488682293045,29.88719698432804
XYZ308531,EVCC0629,1.5974133725152395,15.556745829206578
XYZ177464,EVCC0819,2.997234918449647,30.767053934237172
XYZ144704,SDSSJ115300.30+160229.4,21.253816718518454,29.37061581680706
XYZ865606,PGC1174996,27.56616993326963,29.187806564823394
XYZ243015,PGC042748,117.30775081221657,28.057975266951427
XYZ177483,PGC042626,18.557449784735432,29.22427595183921
XYZ800076,PGC1242969,17.216208487623195,29.230112759928314
XYZ603467,PGC039164,5.221828125896027,30.43813875708408
XYZ636239,PGC039018,5.8730985105626425,30.23217668643323
XYZ144720,PGC041761,4.341710121494069,30.23495369916569
XYZ243024,IC3457,4.224487972187349,30.580171365862245
XYZ341330,SDSSJ122542.56+264834.5,1.3902482320829137,31.38236545814382
XYZ734550,PGC039421,4.159248993995377,30.406761664762687
XYZ734555,NGC4350,3.547492103004236,30.676406980366433
XYZ177502,IC3239,3.8466145623755543,30.474850794838822
XYZ308579,AGC213178,9.909909738724771,29.724469476664247
XYZ177510,AGC229200,10.431652979580573,29.69714633557115
XYZ111976,UGC07346,13.047905892385542,29.42722838768567
XYZ210288,PGC042318,3.8005171315367954,30.479149094717346
XYZ570736,PGC040300,6.896700655731159,30.24554180583197
XYZ210295,PGC040951,4.155866255242913,30.386741588433928
XYZ341378,IC3044,4.089297071235052,30.58066935203346
XYZ537996,PGC1273077,6.28196222978873,29.8229001592481
XYZ243113,PGC040659,21.856432855551443,29.291107749951376
XYZ669104,DDO154,20.34525235287626,29.559169876728053
XYZ538042,PGC041626,8.147296715194482,30.014047640312814
XYZ865728,PGC1133831,18.79604325432127,29.291400211469945
XYZ538050,NGC4598,5.0094042615889895,30.09480373116221
XYZ243142,NGC4666,11.74644271532389,29.491104147964826
XYZ832969,IC3258,2.4871786441428148,30.895074739062654
XYZ701898,PGC042160,34.04871477201984,29.05841247367035
XYZ112077,IC3096,10.07374889861877,30.028369402731947
XYZ341455,PGC039031,5.679374173720624,30.19498638913075
XYZ505296,IC3840,6.5173479753505354,29.885040820416812
XYZ472527,NGC4440,8.116070120145569,30.14311793630492
XYZ177622,PGC1415716,6.365077364531965,10.964221201354505
XYZ407000,PGC1166209,32.778217635155166,28.8734139811397
XYZ341473,PGC040462,5.004152398480801,30.26801394739321
XYZ701928,PGC039711,2.480957567222432,30.8617197073805
XYZ472553,SDSSJ121722.25+052545.2,1.6793105025730322,31.276075308163986
XYZ767467,VCC114,4.140075710986685,30.40597259850775
XYZ996844,NGC4165,5.023729071402178,30.250957670987702
XYZ210413,PGC039825,1.49391384928078,31.669437896882663
XYZ112107,IC0797,11.439334267341545,29.648941501683105
XYZ734713,PGC041214,16.03053413667288,29.347534786105804
XYZ636410,SDSSJ122431.27+062916.5,5.553364125719101,30.346995330041008
XYZ472574,SDSSJ125736.51+091846.1,4.790436668386353,30.267009132187138
XYZ964099,PGC040424,6.127017783031233,30.228513353311207
XYZ833028,UGC07579,11.784938009914029,29.472829872320872
XYZ243205,NGC4378,8.133638564792204,29.77514064436677
XYZ144911,PGC041084,49.898137235789875,28.829668347894085
XYZ243220,NGC4300,16.007723479506765,29.493866847005325
XYZ996891,PGC041308,10.950417510876068,29.50563770416613
XYZ341534,PGC1283313,7.167941038471121,30.13051731748743
XYZ472609,NGC4237,2.436377818882177,31.069666992577424
XYZ308775,PGC042723,5.538902887657887,30.32930429526566
XYZ407081,NGC4477,5.689458670772379,30.31404960644999
XYZ243247,PGC041603,3.8775354187987787,30.673964524478137
XYZ144943,NGC4423,3.842755097038061,30.64148034353158
XYZ407091,PGC040512,5.812912434695219,30.193994451629862
XYZ636476,PGC039041,5.424702196678427,30.172687526801703
XYZ734783,NGC4623,14.59431184520328,8.450735240278732
XYZ931400,PGC041027,9.96922897016874,29.88364757209179
XYZ669261,NGC4152,1.8547623533301265,31.002902476935247
XYZ964182,NGC4277,3.033338211937934,30.42447027787872
XYZ996951,NGC4419,3.5902189979302004,30.58545356477884
XYZ276063,PGC042062,68.5237037097184,28.11578598229495
XYZ374375,PGC040310,7.469659122684753,30.087301871624483
XYZ308841,IC3501,10.079601617851672,29.973711383650443
XYZ374377,PGC039230,3.7995727101577064,7.027583463655944
XYZ865902,PGC042144,9.890640829985488,30.051145139380992
XYZ833134,PGC041831,12.666929172517086,29.643552200882922
XYZ702072,PGC040058,28.04539005574829,28.961853020151676
XYZ636539,NGC4670,66.64927061432847,28.680915015849088
XYZ833150,PGC040235,5.7921644830767764,30.381686719220383
XYZ177798,PGC1174996,104.10369882093265,28.107872188720048
XYZ374406,IC3215,8.206951506567524,30.204797226481958
XYZ702090,PGC040732,32.962403043301286,28.907814143979785
XYZ669332,IC3167,23.157837129852425,29.454059212962136
XYZ243356,PGC040015,9.10069334872418,30.212011064104423
XYZ472734,PGC040893,10.995797871041894,29.562366759549697
XYZ407198,PGC039833,12.842259086633586,29.337957687497838
XYZ145058,SDSSJ120958.86+250106.3,4.105650165393281,30.711504916164422
XYZ865955,SDSSJ123524.43+050253.8,16.509064129597743,29.631819429054957
XYZ898724,PGC039863,4.215535921306852,30.422878834312616
XYZ505506,PGC041174,1.288081320897417,31.251735350568055
XYZ538282,SDSSJ123109.18+181311.8,5.778802223577791,30.23705557403869
XYZ800428,IC3355,5.5043348864763475,29.9660836090639
XYZ636597,PGC042225,7.276712813409056,30.178860299961674
XYZ243386,NGC4791,8.37770169891693,29.828451167997006
XYZ997052,PGC039905,6.0421510336988,30.247755842211024
XYZ865980,PGC039902,6.083969654495183,30.279318499835217
XYZ177858,AGC227897,1.5641210583685432,31.286879435284696
XYZ374473,IC3019,10.473571397908877,29.654606056209104
XYZ767694,PGC042537,3.934880343998915,30.7015823363816
XYZ308949,PGC043211,8.809632791627298,30.163194082794934
XYZ374491,UGC08285,5.9306545786184275,30.232542653126526
XYZ472803,PGC042982,3.6986172253696985,30.63689453518111
XYZ767725,PGC1234100,36.734507890787654,28.80614685269286
XYZ997106,NGC4037,55.979724384273176,7.9680618831078505
XYZ767736,PGC038771,18.47510719935082,29.29872409377017
XYZ341754,DDO097,4.340516101331074,30.476463162476907
XYZ407294,PGC040631,12.005236096690894,29.60413954765821
XYZ472836,PGC1191416,4.157222727285937,30.438474952335422
XYZ472843,PGC038980,6.132707674118232,29.975584197647162
XYZ669459,NGC 4269,4.360724368877472,30.49497496048189
XYZ702233,PGC039799,8.904709426072866,29.730143527956002
XYZ636706,PGC039638,5.265042714963044,10.6813148940347
XYZ997161,PGC042350,4.839670930057798,30.216785534259152
XYZ538409,PGC043421,4.010433877589461,30.497457674103323
XYZ702260,PGC042114,3.619764855180736,30.5248540468859
XYZ440117,PGC042110,16.236809915576192,29.754524097097896
XYZ800591,PGC1174996,8.067432186415417,29.990962811766853
XYZ276313,NGC4489,42.8546101383213,28.567589952432353
XYZ309083,PGC089681,6.6643453296398185,29.862371409396626
XYZ898910,KK140,6.4084650594830475,30.176093268313505
XYZ243559,SDSSJ121444.86+060916.2,15.216841561792867,29.39399366388179
XYZ309101,PGC041835,3.4420824251462085,9.291789420998935
XYZ440175,PGC040814,3.1483212951334725,30.758031819088536
XYZ571250,PGC1128047,18.80785311537583,29.30220559131761
XYZ702332,PGC040540,5.78229971811932,30.285356093066465
XYZ931712,PGC038926,5.60531878621591,30.59973460849721
XYZ997248,UGC07636,25.513347942516333,29.12785089803945
XYZ505731,SDSSJ121141.87+131146.7,16.423934296727207,29.6504839389384
XYZ472968,PGC041907,12.571840728309638,29.406196367505988
XYZ636814,NGC4623,39.345311732775485,28.549297981603704
XYZ866193,PGC041770,11.096955414112374,29.866215493011232
XYZ112539,PGC040670,21.292460145009795,29.274321008507496
XYZ374691,IC3381,9.96006767111288,29.74321220544177
XYZ145319,DDO156,4.637809839096084,30.257680040727198
XYZ210858,PGC042160,10.274015207790665,29.868148279988816
XYZ735147,PGC1136400,10.422531147323085,29.88905323079201
XYZ210862,PGC1270208,12.904212115476021,29.886587118959877
XYZ735152,PGC3294218,20.838180714971937,29.29863672665102
XYZ571314,PGC040115,7.297592833650055,30.39162693246262
XYZ997302,SDSSJ124545.05+121408.5,4.175831818435264,30.68012578695919
XYZ178106,PGC1213772,5.1696574818986365,30.188300280697742
XYZ702397,PGC040806,7.356589328620468,10.951532934756653
XYZ374718,PGC040300,56.06988431746118,28.64987693144673
XYZ440274,PGC040435,14.116509398476959,29.753746096551435
XYZ571366,NGC4340,14.955178590204094,29.75053628337268
XYZ866284,PGC1351666,16.07347301008455,29.379400991037805
XYZ178158,IC3268,20.311735532917346,29.300368946568224
XYZ210932,PGC040100,6.421791545474225,30.27606214077679
XYZ767989,NGC4458,8.245077202800871,29.870713468067926
XYZ210935,PGC040814,34.70127862524092,29.058089044039914
XYZ899064,PGC040814,2.9793982671845827,8.1117900607467
XYZ243717,UGC06747,4.960220567411297,30.295713757024174
XYZ407566,PGC040631,4.213727959770346,30.384954583447318
XYZ309262,NGC4457,3.3771763039184783,30.721423837264155
XYZ440339,SDSSJ124654.54+022135.3,19.40442999733367,29.339764354083133
XYZ669718,DDO139,5.001280626201005,30.4039808850435
XYZ538650,PGC042318,12.810143997535478,29.51918200883312
XYZ636955,NGC4543,4.857816393381689,30.451865787240795
XYZ342043,PGC043580,4.006477346372293,30.381152177168964
XYZ800798,AGC219628,41.72213840542288,28.827635617037394
XYZ473124,PGC1286175,4.550584989156791,10.155525940395698
XYZ800807,IC3437,22.963729667740385,29.117508779763703
XYZ145451,PGC039727,7.361170657703163,30.02962772754742
XYZ669758,IC0798,1.1175318697109162,31.622140634889984
XYZ735296,IC3267,4.260742995432234,30.384044529411096
XYZ309325,PGC039467,1.5569245952982333,31.064033776343127
XYZ211022,NGC4342,4.239377655176027,30.562704871408922
XYZ735310,NGC4733,2.123374308417028,10.019485927279689
XYZ145491,SDSSJ122934.46+075851.5,41.28555917713331,28.593162876054084
XYZ866390,NGC4578,12.918763240298496,29.671578392503935
XYZ669784,PGC1416088,2.4411363930971466,30.716141911083888
XYZ505946,SDSSJ124420.88+060522.5,3.0815330808550825,8.461887738118982
XYZ768096,PGC043013,4.268996510991869,30.47854737986627
XYZ637028,PGC1273077,3.984194981001013,30.447271373253493
XYZ178292,IC0810,9.377898604506989,29.869384681722078
XYZ505976,EVCC0819,5.631479427450532,30.16814881167044
XYZ571517,PGC1374673,20.05814539222128,29.359230748240243
XYZ440446,PGC041607,4.528615280094289,30.20402855404675
XYZ473219,UGCA294,8.892434552910993,29.90359476129025
XYZ243852,PGC037931,10.601079803777113,29.8314314770847
XYZ309390,IC3478,6.741514206745681,30.31423209447775
XYZ899220,SDSSJ121458.02+075304.2,5.349294915124302,30.240241071495642
XYZ342164,PGC041917,7.277060384014454,7.130498953470351
XYZ178326,PGC043392,12.350553722046667,29.323589642505546
XYZ866454,NGC4689,1.0582448285816382,31.517467117200745
XYZ243881,PGC039660,6.882825913938857,30.11964348489494
XYZ768178,NGC4486A,2.022029009542151,30.476563399255056
XYZ440505,NGC4423,3.6450304373785536,30.721979100848728
XYZ800963,KDG118,20.15059160917901,29.36546088115185
XYZ997576,PGC041469,30.42167063506531,29.06814454564688
XYZ997579,GAMA220751,13.478656865311997,29.68812670397249
XYZ211153,IC3443,4.966754984273238,30.231236313045624
XYZ243943,PGC039018,4.817461866202714,30.657691095949083
XYZ342249,PGC040200,4.373315922530329,30.331728279275154
XYZ932075,SDSSJ124322.80+054555.2,6.102844330273124,30.199508964865412
XYZ145648,IC3311,12.805272379236126,29.379920726727264
XYZ538877,NGC4452,10.204548789224804,29.72669356648813
XYZ833790,IC3457,3.416656786873627,30.66380905305546
XYZ407805,NGC4502,3.756725426885586,30.37434217829798
XYZ375040,PGC039104,4.209326246728144,30.36734976877149
XYZ833796,PGC042204,1.5794495053145508,31.202641099086335
XYZ145672,PGC043580,5.11352503424816,7.51761788120028
XYZ342281,PGC1174996,11.127303691417222,29.76428853741931
XYZ997642,IC3806,10.017900253438212,29.79675023804261
XYZ178447,IC3478,7.703718627940151,30.11818138285371
XYZ506127,AGC232135,31.245706288545346,28.77068225807443
XYZ112916,NGC4552,3.7019103079864513,30.651498254771067
XYZ768279,PGC039878,4.634394025535195,30.498036687960006
XYZ768286,IC3218,3.6762547241990555,12.069769289410338
XYZ506150,SDSSJ124155.33+114003.7,4.402155733455746,30.55059138493977
XYZ669996,PGC039018,2.8861192977757217,30.985136469995783
XYZ997683,NGC4355,15.517959152444256,29.611356739027233
XYZ833847,UGC07942,11.392227330236889,29.809950834688895
XYZ604472,PGC040630,14.346466974842059,10.831599740034541
XYZ145721,NGC4522,7.098660571955501,30.308309767355084
XYZ670012,IC3063,0.9417913199205298,31.448169311843454
XYZ702780,SDSSJ122358.19+072701.7,12.764745961848616,8.757687966754194
XYZ211263,KDG130,3.7217832411196468,30.60133113798851
XYZ440657,SDSSJ121828.33+060433.9,12.936370129076025,29.58507034492165
XYZ276818,PGC2806928,2.5900423037026323,30.748111202260773
XYZ178515,IC3571,26.12066667273994,29.135199471333877
XYZ997716,PGC1186061,10.913305717858545,29.936363892792674
XYZ964949,PGC1291858,9.272263771776824,30.07108342655687
XYZ768346,IC3305,6.343831488745779,30.396479519693298
XYZ538973,IC3478,12.270183598070341,29.730325489761572
XYZ833888,SDSSJ124942.06+052922.2,1.4679173052808578,31.132809383220867
XYZ702816,PGC086641,12.442446934938548,29.814154083390466
XYZ604521,PGC043739,78.96370945910226,28.14087641712661
XYZ571754,PGC1097431,18.81534091981249,29.11901831718292
XYZ440683,PGC042982,3.579354979662872,30.734275918836072
XYZ702825,PGC1177211,35.57257077978318,28.700318254067867
XYZ178541,NGC4437 = N4517,12.437558631070127,29.545488025224607
XYZ833904,NGC4352,15.254323616328373,29.334820121147693
XYZ538993,PGC1229057,21.410670618337274,29.38970479896368
XYZ702841,PGC040787,4.201701898663254,30.47800574271598
XYZ932229,UGCA298,3.958633386832765,30.78232422471319
XYZ211337,PGC040279,4.506269268224278,30.269972709338244
XYZ932237,PGC040434,8.118720273746021,30.010183162836597
XYZ113046,NGC4281,10.103486649406348,29.583773687015753
XYZ113057,NGC4532,14.94782609718067,29.37540143966555
XYZ276906,PGC041726,34.610515103761465,28.765721143529102
XYZ997805,IC3461,4.633227235106338,30.491453605228525
XYZ965041,EVCC0629,6.428395943595231,29.950986090501754
XYZ965055,IC3665,3.946587303285602,30.523480551762
XYZ965061,NGC4519,3.9612989464295145,30.489717590130873
XYZ342471,KDG155,4.517154085391373,30.768907521187884
XYZ571850,PGC038837,9.962220096280506,29.546301726106215
XYZ834006,IC3727,4.427979596535551,30.504329597745095
XYZ178648,NGC4440,6.5916959392289876,30.281466659362238
XYZ670179,PGC2806927,8.971424338194321,9.763453104457586
XYZ375273,NGC4434,3.8754396225914305,30.952744089940772
XYZ506348,IC3435,32.77163190290995,12.192599010080624
XYZ440818,PGC1236745,40.902730868550535,11.751834304719807
XYZ735735,IC3510,1.7754400026738328,31.112085477104372
XYZ211449,IC3303,33.37390363408706,6.483078100429921
XYZ309757,IC3097,7.677300412955649,30.03367278111282
XYZ473600,IC3148,18.839501722694923,29.37140878994295
XYZ276992,UGC07346,3.984264901447986,30.39049920089141
XYZ113157,SDSSJ121820.56+045113.6,2.7875543270222662,30.57637992763622
XYZ571909,PGC169515,3.6991235557561115,30.65684319783073
XYZ211469,PGC1282537,29.679126330148858,29.16997055589142
XYZ834062,PGC039889,9.951213827868175,29.628131567968577
XYZ997908,NGC4450,1.838025292725463,31.18139561342409
XYZ277013,PGC040462,10.592359155438713,29.90828406335589
XYZ342551,PGC1538667,28.696303533563174,28.861717849640343
XYZ866841,SDSSJ120404.33+044847.2,5.596387482313228,30.389868333720127
XYZ211490,PGC1204412,11.805895097792588,29.55455845781801
XYZ637475,PGC040388,20.63870074374091,29.36444806706027
XYZ145956,PGC042155,8.586295588857087,30.09862795797557
XYZ211500,IC3218,3.5276486760946524,30.645844507484536
XYZ539180,PGC039610,8.129369398975948,29.8030371847461
XYZ899637,PGC039104,5.951502273317442,30.44583030806077
XYZ408126,PGC043183,4.302635053271303,30.46676897704832
XYZ375364,SDSSJ124042.09+054856.1,7.678610003037147,30.19417852739965
XYZ309830,PGC041360,4.746722905908788,30.201026624401404
XYZ211534,SDSSJ125651.47+163024.2,3.600765327414088,30.29975521025857
XYZ899669,SDSSJ121804.26+144510.4,16.723249959160132,29.498325680870924
XYZ539223,EVCC0819,5.481725668468737,30.223956602529636
XYZ309847,VCC114,21.404182149846076,28.986605322429416
XYZ440922,UGC08114,13.126348711276812,29.680112765299242
XYZ572004,PGC041907,5.312067271947589,30.18063913749088
XYZ572007,NGC4387,12.646020617346874,29.472646885298143
XYZ506474,PGC043580,7.152215741351134,30.223240050819356
XYZ440939,AGC226122,9.648645506188947,29.819750819625042
XYZ834165,PGC040521,6.497841870790363,30.104347261754032
XYZ244345,PGC039561,14.281574952397369,29.332518148583183
XYZ604794,VCC615,9.036997045414887,29.81830520765958
XYZ309883,PGC040548,4.301717589807278,9.041207523136368
XYZ440960,SDSSJ121518.94+025538.2,5.717232157741377,30.224330213023762
XYZ670343,NGC4438,3.470348938701044,30.721741100388478
XYZ703114,DDO121,2.858178716364551,30.80284106662381
XYZ539277,NGC4324,6.3483000495713595,30.26787374855595
XYZ932494,PGC1560780,3.264761751739492,30.693398882241684
XYZ277137,PGC041695,13.248997178512745,29.67673293983328
XYZ899733,IC3653,3.987021150050801,30.620109679872847
XYZ211615,UGC07332,21.401442307876337,29.169262378611908
XYZ539300,AGC219541,5.650548718012085,30.13454752561862
XYZ899756,PGC1294753,85.7084898742849,28.176035294009303
XYZ309932,IC3476,32.37763049051322,28.97431087411989
XYZ637612,NGC4561,7.0646394991454935,30.020344254597138
XYZ113328,PGC043013,5.801667706104042,9.658120774107324
XYZ441015,PGC041428,6.922584381079216,29.99535592559892
XYZ473788,PGC042059,30.899610809050934,9.167300133399575
XYZ473793,SDSSJ122454.85+164839.1,9.411033359063351,29.9434924070915
XYZ801474,NGC4578,4.559845380556224,30.23828607309446
XYZ211651,PGC039331,3.6171154431425037,30.381155483922814
XYZ735942,UGC07184,4.4233324229156485,30.291151213551977
XYZ801483,IC3779,1.7871520057399612,31.115686300233076
XYZ375499,PGC1270208,4.839541644215561,30.47795199850804
XYZ768719,UGC07422,6.133645276857984,30.267215223644875
XYZ572114,PGC043261,4.19068618549391,30.517650536577055
XYZ998100,IC3840,6.9751100873729515,29.79826966516543
XYZ342743,NGC4411,7.101390091556228,30.296333738943094
XYZ473815,UGC07314,10.780260293923048,29.74560238394002
XYZ277209,PGC1565426,3.586389554521304,30.804907936973894
XYZ309981,PGC040469,16.86606724991155,29.4991037298438
XYZ178911,PGC1423207,19.10726185042827,9.575563529564025
XYZ244449,SDSSJ122542.56+264834.5,6.598749056284833,8.263823398337141
XYZ965349,IC3583,3.755629011341736,30.762228833856177
XYZ178940,PGC040766,5.700048463354347,30.3054495611364
XYZ178942,NGC4527,1.1278271170720537,5.208578250568948
XYZ801543,PGC042513,3.0187670134637674,30.558504544313006
XYZ703242,IC3393,6.548073231947001,30.281635588236558
XYZ736011,PGC040948,16.509230280579935,9.022596431219096
XYZ801547,PGC041006,20.675085975342206,5.522709712422326
XYZ113421,PGC040037,6.210683028350503,30.097342964394137
XYZ211726,PGC042062,6.331258970005694,30.003598992589676
XYZ867104,PGC1198892,14.081980521438313,29.59201185822307
XYZ441130,PGC3294233,8.792912976091179,13.008855589408984
XYZ310063,PGC042340,3.946660115052776,30.552378221010343
XYZ375600,PGC039799,10.142984513410774,29.4994221082716
XYZ375601,PGC043987,9.901228931490934,30.047284462568367
XYZ441137,UGC07387,36.80604425006806,28.955668476939337
XYZ113462,IC3392,4.8969883506660965,30.285518930509323
XYZ768829,PGC042160,15.40944684121994,29.6061624460069
XYZ375616,NGC4216,7.119385964716398,7.885613067200847
XYZ441152,NGC4165,3.1201832143836037,30.6915921367408
XYZ342853,PGC039866,11.80518892818342,29.72061644666324
XYZ834373,PGC1724251,12.797393624986668,29.610333484244524
XYZ113481,PGC040670,2.31964534183732,30.935586154217454
XYZ605014,KK180,8.136791060228754,30.019007629964065
XYZ637784,PGC041433,10.427889857904267,29.673830251693282
XYZ670562,SDSSJ122927.63+055825.0,4.798558823384041,30.432230136288574
XYZ965477,PGC040835,6.1378573262036955,30.039094232713158
XYZ375655,PGC1383640,116.86140163430571,27.771818945805148
XYZ506728,PGC3111475,6.03761207995454,30.10981758120835
XYZ473963,PGC039331,4.31898941013989,30.459094110056856
XYZ867181,IC0797,5.604550361057682,6.950875787436907
XYZ211826,UGC07346,3.2848466858184495,30.452656442450323
XYZ539509,PGC039565,10.076367537162543,29.783583935046227
XYZ998262,IC3229,6.007811641090098,30.527883965717137
XYZ932727,NGC4344,1.1724215803230265,31.141313804301372
XYZ801656,NGC4496A,7.1752811826878995,30.00166404792477
XYZ572277,IC3061,14.559563094914067,29.516536212281526
XYZ867200,SDSSJ121811.60+043840.2,8.320673201980679,29.962241716151485
XYZ441226,NGC4293,3.6575687228622713,30.383006460269073
XYZ899982,IC3313,22.40145277912056,9.129254160829785
XYZ506771,PGC1286175,2.262153726561673,31.009090534560137
XYZ441247,PGC040437,64.7215621226617,28.473571073139155
XYZ637859,IC3155,2.294368769451163,31.028168336505836
XYZ441253,PGC040872,1.7580874998590725,11.01905297696743
XYZ834478,IC3308,3.94010387668845,30.528400568637554
XYZ211895,PGC037048,17.121031173089257,29.464381444343417
XYZ342981,AGC226061,8.387321375007758,29.861469108694042
XYZ932818,PGC042669,4.402215401612641,30.377725153516213
XYZ244694,PGC1236745,10.045003328757476,29.981712584992604
XYZ343004,IC3522,12.666257571303882,29.985834324147092
XYZ703456,PGC1427916,6.4557377438039225,30.07392598817866
XYZ932833,IC3471,14.743615476865756,29.443188480600778
XYZ375781,KIG0506,6.922493518103581,30.28056934397453
XYZ277479,SDSSJ123102.35+180012.4,4.566306333190603,8.603045845285507
XYZ998386,IC3371,1.88638102255264,30.829105023263757
XYZ670711,PGC1180413,6.610363005827431,30.04481613109261
XYZ310264,PGC3294304,68.96129941091063,28.21449193270404
XYZ408569,SDSSJ123634.93+033831.3,4.403900023500462,30.328971949039882
XYZ474104,NGC4356,5.772959335533294,30.0495723698921
XYZ310266,PGC041993,4.369955567437471,30.39732481285502
XYZ572418,PGC083543,16.897008565875613,29.44741108381972
XYZ310275,NGC4313,32.178201864379,28.792073655277772
XYZ179218,UGC08048,3.1504669466181534,30.732476661217927
XYZ211988,UGC07237,5.648705201713099,30.252627402300796
XYZ375836,IC3446,23.46643125676136,29.376090498235136
XYZ408607,NGC4224,15.626755548337767,29.160175705041254
XYZ736288,SDSSJ124101.06+094306.4,3.6594152370201067,30.80887632111022
XYZ343075,PGC1172855,44.841103851952745,28.671704649568944
XYZ637993,PGC041156,6.5506526708424415,30.156595210292164
XYZ965673,PGC043698,14.457792014143607,29.545595856025656
XYZ932915,NGC4424,6.023620637949489,30.266672409498092
XYZ441396,NGC4808,10.906849991346533,29.728053103782763
XYZ506935,PGC1097431,3.526169639407464,30.18046265350644
XYZ605240,PGC041090,10.799097341194983,30.102638682123562
XYZ146492,PGC041664,4.39750269833782,11.029622521543466
XYZ638020,IC3358,7.362457185239072,30.017477990504
XYZ474181,NGC4235,5.352672337946474,30.136191118328824
XYZ179284,PGC041826,5.2853939261992045,30.2298344280608
XYZ769115,NGC4204,3.424940675543956,30.72386946322595
XYZ736354,PGC040848,8.737314041306494,29.457472413370336
XYZ703589,PGC042920,3.547923964379834,30.605375686054746
XYZ146537,UGC07943,4.038030363176037,30.62281484779969
XYZ179319,PGC1380373,4.575274925348257,30.556672477928082
XYZ146555,SDSSJ122038.59+055432.3,8.279215955751106,29.949879918015892
XYZ212092,PGC040631,3.4322700178312635,30.59448098532661
XYZ441473,UGC07239,6.93672008588238,30.272383610036748
XYZ736392,PGC1177211,3.7754969489754773,30.432933004781784
XYZ441490,AGC219539,21.53771120457617,29.209839096791555
XYZ507026,SDSSJ122349.62+182720.7,11.504178488502479,29.9047956345125
XYZ408733,UGC07531,1.675185509090402,30.933866973120622
XYZ605349,PGC042211,9.87363417416001,29.67636965923206
XYZ769189,UGC07314,3.6984642729198964,30.578945436374706
XYZ867495,NGC4660,2.038400027352905,30.93949753394659
XYZ965800,PGC040881,6.735004471564935,30.185435381557458
XYZ605353,UGC08011,6.110289556037696,30.42998998042111
XYZ801969,IC3074,4.872507403115301,30.472279712610042
XYZ441530,PGC039669,71.08376131475698,28.359748237108004
XYZ441531,IC3430,3.5288729100339506,30.460717462532152
XYZ572604,DDO157,2.7766541831586555,9.617120616228146
XYZ212158,NGC4206,3.2958515723065163,30.78069909473795
XYZ867522,PGC042666,10.083516116752218,29.585015189450353
XYZ244934,IC3267,5.785356351941674,10.305652410115272
XYZ507079,SDSSJ122155.85+174052.5,33.25336164435545,28.926644795629393
XYZ736461,SDSSJ125703.47+092258.9,14.107202741003816,29.560996387028418
XYZ801999,PGC1236745,1.1561570439540618,31.453742564247268
XYZ933079,PGC042811,2.6244946175460324,11.455423318597436
XYZ965850,IC0800,6.533924106777588,30.48688247197052
XYZ769243,PGC040972,6.02963878696872,30.272031523317075
XYZ474341,PGC1180413,2.040150371705617,30.89625787334008
XYZ179435,IC3019,6.316834416474554,30.141415416571952
XYZ638192,PGC3294393,113.83989095898232,27.739006223116903
XYZ310515,PGC042242,5.042481563714742,30.380763042923054
XYZ605427,NGC4607,9.037650004272527,29.709243502027054
XYZ900348,PGC043108,3.957085209544449,30.55618273346604
XYZ277758,PGC1294753,5.127193834728796,30.359218921992078
XYZ146693,AGC229177,10.921819177596724,29.750353099607594
XYZ244997,UGC07178,7.961513551428433,29.967187401275357
XYZ769305,UGC07178,3.9460431950032913,30.492392135616473
XYZ113949,PGC039296,40.24175140028114,28.598945448735783
XYZ867613,NGC4305,8.207538085153699,29.943536011190677
XYZ441629,UGC07424,4.065908531524798,30.485972323228918
XYZ671008,PGC041273,1.4197795324711973,31.407973088006106
XYZ408871,UGC07387,20.618770767750025,29.226295880402333
XYZ834864,NGC4234,5.880474931706386,30.434042695143326
XYZ212278,PGC042436,3.628631106319536,30.34325367747071
XYZ179512,PGC1528400,14.175459945013,29.798725351984178
XYZ900412,IC3155,15.990121046233945,29.552026025257714
XYZ507197,AGC219539,7.451035510916157,30.041599200187846
XYZ441665,NGC4303A,2.8204940557676808,30.782226888294066
XYZ834882,PGC089681,3.902200862467956,30.703335441383704
XYZ474435,NGC4698,18.16478823259224,29.325046655186956
XYZ933194,SDSSJ114931.03+151539.7,4.419328211168821,30.58995810987423
XYZ769360,PGC042634,2.3888682939857273,30.97453510001141
XYZ998736,RFGC2284,6.8941380443776765,30.101569851218215
XYZ212306,PGC135809,32.77860273189644,8.60473277946754
XYZ638296,PGC041091,7.354140915100851,30.21962747875973
XYZ834909,PGC1589647,11.902785336632459,29.65461688552878
XYZ671072,PGC039413,3.9561596100275236,30.556699145349175
XYZ933220,SDSSJ121845.12+061547.3,6.605037821271042,30.479208386223302
XYZ146791,GR8,9.236045582787341,29.922486858927325
XYZ441705,KK128,3.4367284234672777,30.55664448322673
XYZ179585,PGC041056,6.258971211998218,30.187481035318523
XYZ408962,PGC040867,2.631070324912754,30.96267729096368
XYZ441733,IC3023,4.006646567107743,30.55051337533261
XYZ867721,KDG104,13.724258737489114,29.612705230805172
XYZ572811,PGC042087,3.603273249655593,30.681195165641423
XYZ212365,PGC042710,4.320497720655979,30.287035063611693
XYZ245133,PGC039089,14.68230217700317,29.569094134917826
XYZ933265,UGC08042,4.797203240448879,30.405485819572732
XYZ900504,NGC4411,10.199074542852738,29.989967443966655
XYZ376216,PGC039894,7.090788911895781,30.084073865545623
XYZ343458,UGC08041,4.062148156666948,30.707989449791533
XYZ441764,PGC039727,13.158718737479532,29.43243060200244
XYZ966057,PGC041027,49.717236204491364,9.931751833984801
XYZ277932,PGC040969,9.294553853656605,10.324159813419293
XYZ343477,UGC07366,12.370064096151795,29.665496577181113
XYZ277948,PGC1620526,3.9198482309400813,30.73863526116174
XYZ671168,UGC07436,6.500912918436863,30.103197003025066
XYZ802242,UGC07942,5.495986162509819,30.19142344081694
XYZ671171,PGC1181814,1.8835436622571349,31.0414716878941
XYZ277956,PGC041607,5.543678794568982,30.259696586239052
XYZ572874,IC3530,3.475223141557327,30.785289076319867
XYZ703946,SDSSJ123453.22+241946.7,11.652601095385593,29.61029584450393
XYZ474573,SDSSJ124942.06+052922.2,6.62725474087062,30.076177139530422
XYZ867794,SDSSJ121201.19+102354.4,9.593484447065407,29.725997028879384
XYZ867795,PGC1286394,0.650543039309619,32.04444674025417
XYZ441820,NGC4321,6.169506311761402,30.037208619348945
XYZ409052,NGC4237,6.2635450169338815,30.227039210806407
XYZ376289,UGC07035,4.54999731739765,30.554898747625767
XYZ769506,NGC4694,114.2738820112527,28.12865584011111
XYZ179683,AGC221089,1.9900876960983216,30.93797273224159
XYZ474599,EVCC0248,6.713773842852894,30.177826095116558
XYZ245235,PGC139866,14.189263713719381,29.63570020627025
XYZ605684,PGC1137065,7.398889779056039,30.057502054485333
XYZ703997,PGC1143451,16.398539402990767,29.633197248749088
XYZ310786,PGC1124896,12.583675985819175,29.51948524073388
XYZ507396,PGC040670,2.3285649285809846,30.97203984481689
XYZ867857,PGC040531,3.6709158427888613,30.52462626382029
XYZ900625,PGC042057,6.2300875296520175,30.16914453491047
XYZ998932,PGC040615,18.915230936001183,29.056818926681885
XYZ245270,NGC4698,12.110987837771656,29.75829099167666
XYZ638487,IC3105,6.657507359243038,30.268871648029293
XYZ507416,PGC1292491,23.377166053291173,29.332239048205377
XYZ638490,PGC1519757,4.4731957504205795,30.368965019325813
XYZ835101,NGC4564,1.5478391400763962,8.959217956808306
XYZ704029,PGC039533,35.38142047766595,29.0282838428329
XYZ474659,PGC043211,12.162865261153605,7.458878862634851
XYZ212526,UGC06881,0.8366819909198883,31.44085374015263
XYZ114225,SDSSJ122927.63+055825.0,4.171141891169279,30.440924429718287
XYZ966199,SDSSJ122243.57+052723.0,81.33735710695724,28.20789831086089
XYZ671287,AGC219539,10.990285887093926,29.79465262984674
XYZ245312,IC3510,6.7793670400362585,30.099567027350357
XYZ343620,PGC041723,4.850186547141915,30.351449754483895
XYZ933449,IC3371,6.360597676983077,30.061465910271945
XYZ867916,PGC041962,15.576257517702244,29.37085456996704
XYZ507469,PGC040493,5.243181546945481,30.15361560344928
XYZ704078,PGC041942,11.030782982891925,29.55997711653407
XYZ802385,UGC07038,6.578271242848642,30.196354295424566
XYZ441950,NGC4482,4.301438043593833,30.76368905884886
XYZ900712,NGC4559,9.848995392736198,29.7285855120795
XYZ507496,PGC1166504,13.73688514491684,29.778656271302154
XYZ573036,NGC4548,5.000598757294018,8.890177214003455
XYZ343665,NGC4571,20.996463502744977,29.359798749319783
XYZ605819,PGC041744,26.895020049175155,29.365521619583273
XYZ409214,PGC089681,11.26456332147541,29.536071853906293
XYZ638590,PGC039041,4.471845672713654,9.42642596729397
XYZ179847,SDSSJ122405.09+081737.7,4.348029433187823,30.30461300668298
XYZ212616,PGC039012,44.83428333610311,28.76991927341658
XYZ540295,PGC041515,6.484363652617035,30.32396345372701
XYZ671371,PGC040906,7.143164372669801,29.976056244023518
XYZ212626,PGC042378,4.808623138908974,30.080967417744073
XYZ966295,PGC042596,11.088178580094246,29.611233340080062
XYZ999070,PGC040310,20.88963335604506,29.186591822796665
XYZ507551,NGC4793,4.03735966970504,30.536961286786422
XYZ212650,NGC4402,18.661495030314455,29.580099019975535
XYZ868015,PGC041428,4.3192458130123805,30.20152236361253
XYZ507568,PGC1229057,15.414518579424964,29.585112605831338
XYZ671409,PGC1133831,4.3746195453404475,30.366122753292508
XYZ376499,AGC227975,7.6760566447215615,29.823651784163456
XYZ179892,PGC040872,5.994920198360088,30.216502316875108
XYZ802488,IC3448,1.4404478002069718,31.483665335685075
XYZ704185,UGC07485,2.710903840498441,30.67456499389663
XYZ835256,PGC040469,5.336887882750694,30.444869174251068
XYZ802501,PGC040457,5.0951174311681635,30.487756517880705
XYZ999113,PGC041515,1.8130791848724224,31.254561543606123
XYZ147147,SDSSJ125504.03+074316.9,8.038139160284679,30.168691243828338
XYZ999118,NGC4216,29.835082526477738,29.085619446003975
XYZ147152,PGC041356,9.152136334393509,29.90672707342014
XYZ474847,KDG155,4.232992282995421,30.502306225207693
XYZ376551,PGC042155,49.30527044511982,28.643464669358824
XYZ605954,PGC039501,2.761575395379495,30.628480928765654
XYZ278279,PGC041720,2.1287911791290846,31.20124254262365
XYZ376586,PGC040274,35.11746178231688,28.604975241747994
XYZ409364,PGC043119,35.19050202500726,28.699841826444565
XYZ212760,PGC042757,4.342272818238435,30.43186836175833
XYZ704280,PGC1402698,5.796653507984035,30.19917999430548
XYZ376602,SDSSJ121744.76+060457.6,5.644760636620985,30.09196797718255
XYZ442139,PGC1811760,4.861527966671217,30.243217244159403
XYZ737051,PGC040814,4.5632447850382585,30.51562940087465
XYZ114464,PGC1273077,28.149215805273553,29.07985342523216
XYZ343848,UGC07557,6.091154316208768,30.00304398961266
XYZ376621,UGC07422,4.533051327768094,30.608882552704067
XYZ933685,NGC4551,70.93807943871923,28.38534805213001
XYZ671541,NGC4753,5.711248090548749,30.279511698686875
XYZ900928,NGC4393,3.5614228612112546,30.533470543463757
XYZ474950,PGC041734,4.372981050037745,30.40513107577187
XYZ343878,PGC1212399,15.200228256421154,29.456967996281957
XYZ737094,PGC1402698,2.230291867137781,30.92230824000108
XYZ507719,NGC4459,7.525310233558717,30.242902809018567
XYZ868170,AGC229052,6.792407885292546,29.899529521713756
XYZ376651,PGC041387,6.9362702878632,30.19630341530181
XYZ966472,AGC229124,4.358286127741114,30.50464506018273
XYZ835403,NGC4552,17.271073527924706,9.5351402168607
XYZ704336,PGC039159,4.0635313518241185,30.56907148373217
XYZ343896,SDSSJ124101.06+094306.4,9.567649846847509,29.963379833733846
XYZ769892,NGC4396,2.103871484353539,31.22818019723099
XYZ343908,UGC07579,16.75928304602569,29.228064423169815
XYZ540522,PGC042920,4.997779759539278,30.653761595526674
XYZ212843,NGC4551,4.447483708752277,30.446813766650674
XYZ507764,NGC4276,21.46607674729388,29.46517484025294
XYZ900981,UGC07346,1.759163070217205,31.058722364423105
XYZ507775,PGC041209,11.239251646220906,29.63334993533368
XYZ442242,NGC4643,6.3340257782636415,30.187911995860365
XYZ802695,PGC037954,15.05048134601943,29.271988656414322
XYZ147335,RFGC2284,34.664381106938364,29.06178596484021
XYZ507787,PGC040521,2.7874527492435472,30.69556655671265
XYZ868245,PGC039564,5.116071138563519,30.280297663576786
XYZ769941,NGC4267,2.536053013899676,31.15276260828194
XYZ180119,PGC042147,7.096577516189248,29.95173734831319
XYZ343968,SDSSJ122358.19+072701.7,4.323812070059808,30.369931253266593
XYZ835503,UGC07697,3.737518156065919,9.766964304620192
XYZ737199,PGC041144,16.69887823648975,29.536314002347254
XYZ901044,PGC039153,5.8887738276311765,30.341766642563208
XYZ671672,PGC042265,1.9577076937965847,30.93570035169563
XYZ343993,IC3602,14.758166692912612,10.725186289933731
XYZ606138,NGC4353,4.912597561771275,30.129266940023083
XYZ278461,PGC2832063,2.3492059357427766,31.04715162394497
XYZ114626,NGC4293,5.896559023691744,8.37307357597346
XYZ999363,NGC4641,4.100722281993799,30.526968227513688
XYZ442308,IC3586,4.935805451625793,30.46273102884744
XYZ671688,NGC4380,17.020230605804844,29.361740261591773
XYZ704457,PGC038926,3.2736011629221973,30.67503599087427
XYZ475085,PGC1089367,41.29313789564974,28.746231252685234
XYZ278480,PGC039878,4.134948212773168,30.47753490727812
XYZ835544,PGC041469,3.507822944821781,30.393806043867077
XYZ671707,PGC039164,11.532813926798456,29.603934068370314
XYZ770017,PGC042547,4.243310238561616,30.65244564378946
XYZ344042,IC3167,3.3171353832375416,30.60291658211842
XYZ442348,UGC07942,7.439660918391853,30.095898337567984
XYZ868334,NGC4191,4.840657440695407,30.5558046593242
XYZ409587,PGC1289492,14.195212632597672,29.5739354112912
XYZ442361,NGC4561,3.9553017858546546,30.645603089652344
XYZ507901,PGC040315,2.450613104624819,30.857189711896968
XYZ770045,IC3371,5.985693335549729,29.999330196310126
XYZ409604,IC3617,4.999333180232457,30.22137239201092
XYZ638980,UGC07249,7.807879559990549,29.945142709981987
XYZ475145,PGC038926,40.5356084925331,28.764521138913782
XYZ704525,PGC1177211,36.8284079097444,28.471564512462553
XYZ606227,IC3665,11.161194363401552,29.845698114810087
XYZ770068,SDSSJ120404.33+044847.2,8.732135283215586,29.931379556255553
XYZ213019,UGC07906,6.094919850078457,30.143942534896684
XYZ475167,NGC4492,6.361386416771633,30.124818391785407
XYZ835615,KK140,2.9203306666349813,30.590045636178324
XYZ606244,UGC07387,3.9713071006957987,30.456473425380924
XYZ802859,UGC08001,6.601652367972726,29.941294712064423
XYZ901164,PGC1126897,2.242557981419575,30.778726113710103
XYZ147503,PGC042513,4.491502032234691,30.40877054558732
XYZ933935,UGC07802,5.595135813028622,30.125946526978538
XYZ344113,PGC043888,2.1825359223971144,30.98316290311561
XYZ245810,NGC4451,35.56635006894474,28.548294655138715
XYZ999475,PGC040548,2.57479103845756,31.032195379625676
XYZ507956,PGC042796,9.55870686409956,29.67754683763615
XYZ442423,PGC041508,10.88839782269218,29.84075310143308
XYZ671804,SDSSJ124420.88+060522.5,5.334051582322087,9.309685540960896
XYZ573501,NGC4370,3.9447527741237782,30.42377436585538
XYZ606293,PGC040841,11.122228203758194,10.634615160019429
XYZ311381,NGC4791,1.7751441066348932,31.026899995199564
XYZ704597,PGC039041,1.9219738636683115,30.736969214178384
XYZ311392,UGC07991,11.081447487557934,29.742705708519065
XYZ508001,PGC039089,12.822813266019246,29.472037919614095
XYZ606313,UGC08001,7.936031351934237,29.728474623191207
XYZ671854,SDSSJ125952.41+033758.5,14.953410493222915,29.4075015336326
XYZ999539,SDSSJ120950.58+125411.4,35.04371709841815,28.922428721258804
XYZ802936,NGC4486B,13.611601773869278,29.59406663058635
XYZ573561,PGC040493,15.242109854678416,29.323170702211524
XYZ802938,PGC040058,28.4359377740521,28.836184864177078
XYZ311421,PGC041245,114.42598845469837,27.96988147330164
XYZ409731,KK169,4.1181957589940925,30.3589783015772
XYZ344198,IC3066,2.47118084348296,30.88570960580804
XYZ901269,PGC093119,17.23476257149838,29.66022412234697
XYZ999573,AGC230077,30.695674495169794,29.162476378371867
XYZ213145,UGC07557,10.090822975411301,29.620191423724954
XYZ508065,PGC042248,7.25038925943826,30.049624612021013
XYZ934053,PGC041442,15.643836259252014,29.372235558226166
XYZ540837,PGC1166504,2.105549256217602,31.11188072868394
XYZ245937,PGC1227738,4.214960744860466,30.391687533410593
XYZ671922,PGC039188,5.73122613904486,30.319602865396263
XYZ639153,PGC038844,4.2861333653828915,30.33011362523574
XYZ671929,EVCC1141,15.236585249370863,29.70171321121732
XYZ213180,NGC4464,4.926469519660411,8.025912563320464
XYZ311484,PGC1419134,21.146579237940962,29.208930665840544
XYZ573628,SDSSJ121444.86+060916.2,7.304913549101669,30.024756235708246
XYZ966850,NGC4587,14.16789121753582,29.469949783815846
XYZ671940,PGC1275680,8.70902480987133,29.965965815096162
XYZ770244,IC3466,5.4029998256278775,30.086488544298103
XYZ901319,SDSSJ121341.42+090040.2,6.567642529043194,30.1946197504819
XYZ442570,SDSSJ123453.22+241946.7,13.05589468165132,29.65463165670318
XYZ213201,IC3483,5.1902572956697774,30.162967561650845
XYZ573650,NGC4489,114.74891106502524,28.092610483581765
XYZ245972,UGC07399A,6.706172337538639,29.981693458277
XYZ770261,PGC1327818,2.7579554794637557,30.969922974365957
XYZ344279,NGC4350,8.205191582643064,29.947857242111166
XYZ704729,NGC4292,6.74008369645394,30.05376442330999
XYZ704732,PGC040737,8.725384710195769,29.739104403026133
XYZ147682,PGC040680,3.713877105359493,30.624643857909042
XYZ966883,IC3457,14.943143215942975,29.445930070283257
XYZ770282,UGC07485,7.847156474986533,30.061305630152813
XYZ147693,SDSSJ121907.33+073805.5,19.336109171878217,29.213974422316753
XYZ999674,PGC039556,25.34033728024184,29.066317751157566
XYZ114941,NGC4608,2.115909147357957,30.856120053600968
XYZ377087,NGC4388,12.942673962024202,29.66321168834813
XYZ672004,NGC4532,17.351467414155277,29.41699651900197
XYZ114953,PGC039351,1.8768823240379073,31.35421068233042
XYZ835850,IC0809,41.79069868938634,28.74437390027091
XYZ540948,PGC040588,10.036973458531579,9.932405633781379
XYZ934164,PGC039905,12.22461325246417,29.682195408756293
XYZ803094,SDSSJ122638.81+164303.8,10.974387628734053,29.670077413144487
XYZ737560,PGC040641,6.008619811869311,30.036985694757007
XYZ901402,PGC2832063,6.001223060698214,30.210888304583033
XYZ639259,PGC038539,26.655853612867844,28.945530547709886
XYZ672028,PGC1249354,6.367124244381769,30.22695279866956
XYZ868642,PGC1103962,11.61484243919107,29.430366615159926
XYZ901414,PGC1538667,4.802104601645021,30.30761075847101
XYZ508206,IC3115,21.36735365479071,29.17482828052082
XYZ213294,NGC4216,12.865923791912808,29.593618905048107
XYZ737583,PGC039838,9.565979786179936,10.197737301017952
XYZ672058,PGC169451,3.244621054446793,30.609818427989335
XYZ901447,PGC041007,13.331442085517624,29.79126938339031
XYZ377160,NGC4264,1.9830653863207606,31.315987150915426
XYZ147793,PGC039711,22.618565942938282,29.14058689064773
XYZ246106,PGC041264,11.87827448992687,29.695334250731367
XYZ147810,[TH2002]230,5.412683426124134,30.194875156317334
XYZ573797,IC3381,3.9912431516035864,30.583975578871204
XYZ246118,NGC4388,11.086530135312595,10.746195720745838
XYZ967015,PGC038947,3.4363344530322855,30.715444065559343
XYZ770408,NGC4689,33.08579669884677,29.067645243607664
XYZ344426,SDSSJ125208.90+030714.6,5.33610267320264,30.316475404118837
XYZ213362,PGC1242969,3.1886905764168767,10.259841179912314
XYZ770421,UGC07370,38.32203650109033,28.689458040759554
XYZ770422,IC0809,34.82911107914338,28.983835316148802
XYZ573813,NGC4634,3.7735176592722866,30.444136147209836
XYZ967033,NGC4406,2.910760890395182,30.80234583053614
XYZ541049,SDSSJ124823.09+050816.3,28.8337628206643,29.004726080930094
XYZ213372,NGC4810,3.5084470727829,30.479682974366707
XYZ934274,PGC042768,10.054456096739175,29.899113898159253
XYZ147843,VCC615,6.034477087003933,29.934259477225815
XYZ803219,PGC041840,1.4644696764667724,31.155245071614416
XYZ737684,PGC039878,2.464655817639842,30.981866310222184
XYZ147859,UGC07906,19.21651803263862,29.479298540766358
XYZ835992,NGC4457,3.3929983299376847,30.530433047005367
XYZ541083,IC3239,3.4722052745808316,30.382580852450243
XYZ508315,EVCC1141,7.499366975582396,30.171650615884147
XYZ246176,PGC039632,40.91791364250397,29.004286999830832
XYZ410016,PGC040814,16.460144018916182,7.9400418421183865
XYZ442788,KK177,14.633007949936472,29.532371718123393
XYZ639396,IC3443,5.07507272225868,30.29301403287742
XYZ836004,SDSSJ122928.18+203348.8,5.396323012596737,30.326946744890137
XYZ213415,PGC1351666,4.6048264647664885,30.171488918105045
XYZ737710,PGC041308,4.951742139654707,11.340343351118541
XYZ639406,PGC038728,34.8788869278486,28.8552179118926
XYZ246193,PGC1537492,1.3504190967042895,31.210310778071182
XYZ311732,SDSSJ121413.79+085429.7,8.147966087813911,30.01053544616917
XYZ410042,NGC4261,7.788592897359024,29.943745659277845
XYZ999871,PGC042257,16.053474696845665,29.604260770145082
XYZ541119,NGC4429,6.253889832453704,30.11203770571108
XYZ573903,NGC4568,6.669681330571162,30.266090964052932
XYZ639440,IC3120,2.4806716297432145,30.776840233285462
XYZ737748,PGC042799,10.217323869976482,29.8569377300158
XYZ147934,PGC041237,4.666211854350814,30.51357464287451
XYZ246242,UGC07237,3.3257132192850607,30.50616936724823
XYZ377327,PGC040972,2.041054837101526,31.295756667642593
XYZ180727,SDSSJ124155.33+114003.7,1.1785207228992294,31.401610758914693
XYZ836091,PGC1289492,2.991785829422827,30.747352220361005
XYZ999941,PGC1402698,6.672352366266678,30.10033086697715
XYZ868872,PGC038970,11.24755108269417,29.63232485858377
XYZ934421,NGC4429,16.561396809097158,29.47247102195883
XYZ836121,EVCC0504,8.980814711233723,29.92093184330263
XYZ770589,NGC4793,11.96913616413771,29.573395141659763
XYZ410142,IC3365,1.7579178936803297,30.99714141563999
XYZ311839,PGC1233057,2.8836200347856145,10.413457177269112
XYZ573986,Mrk51,11.707908645218966,29.651781931088816
XYZ279082,PGC041845,13.60243329084406,29.47235287781777
XYZ508461,KIG0506,5.844833334264778,30.151226858126364
XYZ705078,PGC043183,4.6189751264723355,30.517283531511847
XYZ246326,PGC041507,3.410339106564809,30.427918911789053
XYZ180799,PGC041720,3.627618170442823,30.839891063019547
XYZ770627,SDSSJ120527.06+123243.2,3.601156966536765,30.58754144398019
XYZ868945,PGC040831,1.365939981949851,31.579525298313424
XYZ148057,NGC4668,2.6406874026213187,30.723318063363482
XYZ115292,IC3473,25.476449238542166,29.09994203316883
XYZ410206,IC3468,9.678351507793598,29.846907050581883
XYZ475744,PGC041245,13.254270505891261,29.846550119084817
XYZ410219,IC0769,6.771550659880296,30.231256078807412
XYZ508526,IC0794,7.761294358945397,9.012478802011692
XYZ901750,PGC2806992,9.643976943278853,30.043149824959666
XYZ508540,PGC038899,56.22432970055696,28.440128071287575
XYZ967298,PGC043019,27.048028687385997,29.010595428874904
XYZ508547,NGC4376,1.7749247961997185,30.987004217279434
XYZ246404,PGC039863,6.227742588892929,30.332226707721915
XYZ606852,NGC4281,16.744066390993495,29.230205736138288
XYZ410247,PGC042757,12.282446328465147,29.8315371904892
XYZ148105,NGC4457,3.6725645134009257,30.247878505846124
XYZ279179,UGC07138,33.45881745668893,28.752628876053485
XYZ737932,PGC042340,3.037523525041751,30.825540806014747
XYZ606865,IC3470,6.236879185382544,30.54385029831966
XYZ115346,PGC041574,40.692660568295146,28.743856418172484
XYZ836244,PGC1120391,3.5928939292448563,30.334920154722948
XYZ705172,PGC1199069,8.269689329621709,29.89080974987966
XYZ672412,PGC040462,4.480241746022739,30.45761063051369
XYZ574117,PGC040759,13.840249772784777,29.796495834102195
XYZ246442,IC3017,4.02413227073138,30.398360782276367
XYZ672434,NGC4419,4.923362067867787,30.266647710025776
XYZ377524,NGC4476,103.61270498589916,28.373543952518418
XYZ115395,NGC4641,10.443151357147794,29.9289591097271
XYZ574165,PGC042920,8.043272321204851,30.268002884143367
XYZ508631,NGC4385,3.028580840022394,30.96919769960679
XYZ803545,SDSSJ125736.51+091846.1,1.2817252116460385,31.150537798570937
XYZ901851,PGC040279,1.7895004729941668,30.882686415729825
XYZ410333,PGC041174,4.984888507993214,29.99580462283211
XYZ901858,PGC044517,13.068031165318388,29.551876431122814
XYZ377580,PGC042193,26.2291263830124,29.023108988468298
XYZ443117,AGC226178,4.621130466584508,30.442859893909425
XYZ705273,PGC039638,2.5315374732632456,30.845061595002896
XYZ246530,PGC038872,89.22010726283169,28.21672463564597
XYZ836361,NGC4710,3.5527969630567378,30.691252769444464
XYZ639762,Mrk51,2.1814683692042807,30.779870399435346
XYZ312084,UGC08276,9.633833346389787,29.856274994824243
XYZ705311,PGC040175,5.482002082037732,30.420860384241433
XYZ312102,VCC114,6.221779975718631,9.699928238111088
XYZ312108,NGC4482,2.23019074999845,31.059422572961196
XYZ508719,IC3355,5.555314693034519,30.314141094690743
XYZ443189,PGC041488,4.62336713775162,30.574358830475482
XYZ344888,PGC214037,2.8252126676414417,30.992475890450223
XYZ377664,PGC039606,8.078619729681307,29.80571011928838
XYZ213825,SDSSJ124230.91+054354.1,13.414636458734941,29.570944535285612
XYZ738114,PGC1282537,14.69939822914753,29.524757537138484
XYZ869185,SDSSJ121820.56+045113.6,13.410745643081354,29.460825206730142
XYZ934721,AGC229321,10.019223070998834,30.033153939770465
XYZ934728,PGC1143004,11.21323826262979,29.86545134729602
XYZ115535,PGC040046,1.5597430277455873,31.3613172796527
XYZ934741,IC3100,9.0952588573299,29.86475146211666
XYZ705366,PGC044685,11.72498272047322,29.75839615333563
XYZ541529,PGC041502,2.534506351702349,31.036770185261812
XYZ705377,PGC039838,6.516335012386721,30.104651447695833
XYZ344941,NGC4303A,1.6559811075344353,15.045564260045666
XYZ738157,PGC043698,11.588181497256757,29.7160924674672
XYZ803706,PGC041835,3.62856661607301,30.79210767011993
XYZ738171,SDSSJ121240.72+065027.7,11.866661345972117,29.437917644561004
XYZ934780,EVCC1111,4.36404052948059,30.34065316119693
XYZ574343,EVCC1141,4.605064938967094,30.324193391141893
XYZ279439,AGC732194,1.426447548327451,31.054961449410357
XYZ836497,IC3100,6.276848163336095,30.109693088011902
XYZ443288,PGC041273,3.3547288523435026,30.86008883270383
XYZ803760,NGC4900,1.7192996981404949,31.162350479090478
XYZ902067,PGC039838,103.20533192618306,28.269448032254456
XYZ115640,PGC040409,5.861287123005374,30.183985030222004
XYZ639945,IC3509,1.6410639871540849,31.23788996153672
XYZ377802,PGC139866,20.51422720916487,29.29155938112842
XYZ181217,UGC08011,3.4248920605088586,30.71266335565064
XYZ934881,NGC4539,3.99834353994412,30.407597308176282
XYZ869346,PGC042982,4.76154991791531,30.520094120957893
XYZ672742,SDSSJ130320.36+175909.7,4.641581674342957,30.362893202305663
XYZ246761,DDO139,10.93901871203615,29.773608325081234
XYZ115700,NGC4371,10.238438247352958,29.852503513895897
XYZ967668,PGC041607,7.213093396876767,30.185521935051273
XYZ836610,AGC226080,21.1608782382409,29.358704719671103
XYZ934915,NGC4419,2.440636592804238,9.893111104001186
XYZ279558,PGC042547,2.454685315165298,30.78362751872645
XYZ410638,UGC07003,20.58879555973668,29.385168346549282
XYZ279571,PGC040611,4.81257036220117,30.674610109394678
XYZ410647,PGC041994,9.493334394101199,29.894178516433712
XYZ869401,PGC040505,3.6601626988706233,30.437156598548924
XYZ869412,PGC039734 = VCC0381,6.219744445147383,30.30742537507025
XYZ967717,PGC3294456,6.809029908038648,30.015976806893757
XYZ672809,SDSSJ120958.86+250106.3,5.133185088884537,30.338949239633266
XYZ640047,UGC07422,8.875562989780073,29.984377702958742
XYZ148528,NGC4292,4.940017423934827,30.44607410798208
XYZ181297,UGC08041,17.10275320363234,29.413017936447822
XYZ803900,PGC169451,9.903267857274358,29.9018946259527
XYZ476225,IC3486,10.734687565834934,29.87532836359819
XYZ607300,AGC742507,1.513754679439701,31.284797833710122
XYZ672836,PGC040519,4.776059893446037,30.34208560010884
XYZ705605,PGC1215961,1.6618036132356213,30.95243210002004
XYZ902218,EVCC0504,11.73953419848455,29.712703054566376
XYZ902227,UGC07824,12.44049039627358,29.674002039895083
XYZ148566,UGC08276,9.367377243220332,30.1603519381302
XYZ574550,NGC4765,16.58339567219211,4.755290574015795
XYZ541786,SDSSJ121044.99+075205.0,28.10827615014501,29.074316672442773
XYZ345180,PGC039967,3.412237959794164,30.65862845192568
XYZ509023,PGC041091,9.318228943425725,29.90623676155902
XYZ803936,IC3509,1.7243907674365972,31.257750165420333
XYZ214120,SDSSJ121722.25+052545.2,5.738205074420011,30.385128260051395
XYZ181364,UGC07249,3.2278517493018706,9.004778419477201
XYZ803964,PGC042114,4.860480322601314,30.61427862504476
XYZ902269,PGC169451,5.102538988887459,30.25282505985073
XYZ640135,PGC039757,3.357780437757226,30.761226715976743
XYZ803979,AGC742455,5.415679922480768,30.01574453652306
XYZ935061,IC3442,35.40998191331082,28.932029404682556
XYZ115863,PGC040175,11.390851048185128,29.967133064228516
XYZ378014,PGC041411,5.298986273568172,30.181314589296218
XYZ115873,IC3322,3.452592045156707,30.403138694464335
XYZ148642,PGC040408,32.45422149244028,29.242698972402593
XYZ181418,NGC4341,1.701417972929716,31.201217604044082
XYZ246960,NGC4303A,3.989348389457472,30.4013668116353
XYZ672952,NGC4413,6.883971223828696,30.086938088147118
XYZ738489,VCC1287,48.43230426343615,28.509358640182686
XYZ378046,PGC042171,2.792522491913727,30.57654892760913
XYZ378048,NGC4762,8.573306600652604,29.721572193618346
XYZ869573,PGC039292,3.0431605849575267,30.675057021954096
XYZ246983,IC3647,3.1475079157766745,30.83549615202976
XYZ214217,PGC040869,7.1550642262163295,30.188576725905598
XYZ640209,NGC4212,3.9988464273283046,30.395563781101497
XYZ279766,IC3381,2.210006190680873,30.968106041342935
XYZ902358,UGC07178,9.965595101181062,29.715320658054537
XYZ214235,SDSSJ121907.33+073805.5,19.70762994269479,29.08009593553196
XYZ804064,PGC041090,117.2893931795756,28.221727499664837
XYZ509153,PGC039772,12.297308374627454,29.527384110364466
XYZ607456,PGC042143,7.747562100804285,30.005898600623663
XYZ410857,IC3101,2.0962214849126557,30.994613434504135
XYZ869612,KK177,8.656531024178264,30.013488532908845
XYZ640238,PGC039648,5.869282339778383,30.052795254003705
XYZ279794,NGC4694,4.0591745898049885,30.545536136955867
XYZ279796,PGC040479,2.447516541311326,30.737841202235646
XYZ574724,PGC042537,10.218807109405601,6.278905016516308
XYZ181512,PGC041959,39.913570906594295,28.56897948427303
XYZ476433,NGC4478,4.766000558437295,30.38405200713561
XYZ378131,NGC4119,6.951063113974987,30.303199806709536
XYZ705822,IC3225,4.483931015645393,30.43417023609134
XYZ836896,PGC042072,56.344245841729396,28.53167491976962
XYZ443682,AGC229174,40.31739474109671,8.085803277208807
XYZ116002,PGC1402698,66.99425056391476,28.28943235168431
XYZ509268,NGC4193,9.849734337369624,29.963454700604263
XYZ214372,PGC041716,4.347506340668856,30.434004484891165
XYZ869733,PGC042110,3.9605570159600103,30.61803921509872
XYZ345448,PGC1236745,10.624400653871064,29.728498358699547
XYZ378221,PGC041723,6.279615612134903,30.141110401086177
XYZ443763,NGC4550,4.405219520753258,30.28502459562297
XYZ738678,PGC041090,7.33000409839471,30.37776260625487
XYZ279930,PGC042400,15.044862950924074,29.555342593992442
XYZ345475,EVCC0819,30.15819288747229,28.794194652871013
XYZ378246,NGC4197,13.778143585873693,29.429555849221906
XYZ312711,UGC07035,3.345634939713294,11.078082587675741
XYZ738696,PGC1537492,12.411068999577186,7.001566376199275
XYZ542088,PGC040840,81.14694911008934,28.269936710103057
XYZ345483,PGC1273077,7.062475719151929,29.834822157091192
XYZ542101,IC3483,3.9558728135013834,30.468437670889088
XYZ476569,AGC219541,7.001325209707975,30.038653453263276
XYZ771481,NGC4264,3.4493671527563197,30.920349864540718
XYZ869790,SDSSJ125208.90+030714.6,11.222118695935093,29.779224302579983
XYZ443812,PGC1117977,11.420572969598762,29.551593000630962
XYZ607659,SDSSJ121443.03+103159.1,4.016911502609142,9.989357321433605
XYZ804268,IC3490,1.827609511269917,30.87213650750753
XYZ902573,PGC3296254,20.329855933662337,7.3719551553
XYZ673197,UGC08001,6.4512515963997465,30.019399821660443
XYZ869813,SDSSJ122358.19+072701.7,1.8595727717665393,9.781429337705443
XYZ869817,SDSSJ121222.40+223529.1,6.308266131418308,30.070426429550903
XYZ771517,PGC041191,7.444123693293837,30.2102284916213
XYZ214464,IC3167,6.434085406727901,30.39208996797078
XYZ116166,KK167,1.6184284358902086,31.29689301521728
XYZ869832,PGC1537492,21.226719538775544,29.17442678339057
XYZ542160,PGC041091,3.397074560021081,30.693280162204573
XYZ476625,PGC039734 = VCC0381,2.1073968335935604,30.993699401128435
XYZ574931,PGC1286175,1.655970832224315,31.46590414512163
XYZ869844,PGC1273077,5.262939744970769,30.228149765596246
XYZ574945,PGC041720,6.641484735239547,12.997083398161472
XYZ902627,PGC042754,4.74144544554383,30.350307203023576
XYZ542181,PGC043211,13.999157853100636,29.622802068541702
XYZ280040,PGC040974,2.336885711172121,30.888344715095958
XYZ378350,PGC039985,1.8941132398426836,31.255235041913608
XYZ378354,PGC1145528,6.006777753071786,30.195356923188456
XYZ476665,AGC225882,5.132760635751391,30.268920177363658
XYZ935417,NGC4606,1.4758568833230488,31.149787911892407
XYZ607740,PGC042242,11.707022152497586,13.386951385919687
XYZ116226,PGC1292491,9.742111274627142,29.903422454876335
XYZ640515,DDO156,4.338814819012725,30.2769761466106
XYZ411142,NGC4413,22.798944842238804,29.185831051019218
XYZ804359,AGC229001,6.459549170162372,30.08619674281624
XYZ771591,PGC043698,3.8591146124495954,8.656747152904465
XYZ214537,NGC4192,12.612291077076005,29.65665918084632
XYZ673289,PGC041826,31.475883896062992,29.006493439589963
XYZ312842,PGC043940,7.148724080633706,30.25095894921589
XYZ247311,SDSSJ123102.35+180012.4,4.70335101507262,30.148203071835887
XYZ542228,PGC1180748,7.053596133990016,29.94026615195354
XYZ673304,PGC1187621,1.2571243254428395,31.46979009579136
XYZ214554,SDSSJ121953.72+060156.4,4.577773222030238,30.209998226923847
XYZ968222,PGC041182,7.387555466393732,29.950265395037587
XYZ411168,NGC4562,2.3378772985092384,31.124616322567054
XYZ476705,PGC041699,6.184277327906452,30.30653000566739
XYZ869922,UGC07557,9.998256005017252,29.768927447332764
XYZ837152,PGC3295391,12.996035748190655,29.757722522916193
XYZ247356,NGC4239,6.981437182627784,30.31993305157759
XYZ902720,PGC040493,36.700328356012385,6.193605809722396
XYZ149061,PGC039584,12.79405678840706,29.53473723498721
XYZ575048,SDSSJ122624.54+041900.8,4.313286938478945,30.6991118354376
XYZ312905,PGC040285,8.882820818942827,30.00250680916033
XYZ771660,MRK1313,36.53354398306542,28.99988943720469
XYZ247374,PGC040519,10.956187197431403,29.444261559580923
XYZ149070,IC3658,11.598948888418569,29.747865990347826
XYZ869976,SDSSJ122624.54+041900.8,13.895104967875204,29.511924701036214
XYZ509531,IC3148,12.039774719345878,29.781455390856213
XYZ443995,PGC040906,4.128026842847534,30.366404124155878
XYZ411231,NGC4758,25.371643678975737,8.401949601232367
XYZ935524,IC0776,17.237653623655223,29.49800985930496
XYZ804459,NGC4429,10.422391973485393,8.863877454743779
XYZ673392,UGC08030,18.46383216325221,29.34368217391395
XYZ214647,IC3510,3.5253498531189456,30.7492166607555
XYZ902775,EVCC0259,4.760412030651445,30.23130216197365
XYZ673404,NGC4483,10.225527833573564,29.819784638245796
XYZ575101,NGC4561,70.8358952707349,28.307877336571604
XYZ411262,KK111,1.6535953782699755,31.038678959316606
XYZ870024,UGC07314,5.5764933230508165,7.53129771258401
XYZ378507,AGC226061,3.488019579215975,30.520845420802836
XYZ706192,SDSSJ122825.86+111424.9,13.435700215862116,29.56404433943006
XYZ116377,IC3483,14.562617554820065,29.50050408528646
XYZ771737,PGC040848,41.8529768684987,28.46258294887834
XYZ902817,PGC1466850,2.1393768786582776,30.901853363143548
XYZ280225,NGC4689,4.499770828283172,30.476747884283554
XYZ870054,SDSSJ121643.25+244306.1,9.246255665878962,30.042825900646818
XYZ902823,NGC4323,14.72259934076819,29.508869810564313
XYZ870057,PGC135812,1.7452241539274937,30.917529220888095
XYZ607914,NGC4900,7.220184087217385,29.87243374034695
XYZ804523,PGC041411,2.940705785529309,30.64952906019144
XYZ771755,EVCC2007,33.39574985836754,28.889118001058364
XYZ345780,NGC4252,2.083709913321269,31.135039923045902
XYZ542391,KK140,10.819313429001989,29.49358141532722
XYZ509628,UGC07321,3.6607138764680185,11.696336996649318
XYZ214718,PGC042982,6.618518256308526,30.30611459246563
XYZ902849,PGC040588,5.189542093104831,30.792585255691897
XYZ640713,PGC3294218,3.587279730561426,30.582862147552788
XYZ575177,PGC1142295,4.435903117095808,30.15775133001805
XYZ214743,IC3063,6.543589949469223,30.000555115324318
XYZ181976,PGC1164663,4.245587391517181,30.34136480239388
XYZ214754,PGC1150193,4.463713361001307,30.359780221998026
XYZ444135,PGC039539,13.79301838889376,29.91413807956155
XYZ214762,PGC042008,1.8170808121876278,31.168163995680352
XYZ902895,KKH80,7.764104160700757,29.999844025946135
XYZ411381,PGC1117977,5.5357393786648,30.43814970667842
XYZ149253,PGC3294218,9.872095894336494,29.79880659690696
XYZ280327,IC3239,15.328130838619058,29.29040786743404
XYZ771863,PGC040547,6.967111174718237,30.13188925977503
XYZ771868,PGC040107,1.3862394413269088,31.43099014567316
XYZ640799,PGC042008,11.731987503221665,29.72831640462181
XYZ608031,IC3635,6.382604793554688,30.121232823737053
XYZ870184,IC3540,4.62280481014303,12.580355397437636
XYZ378669,SDSSJ120950.58+125411.4,10.164221955923992,9.209180931784104
XYZ837429,PGC1289726,7.102637531214291,29.86684592131759
XYZ247616,PGC040810,9.649390966368243,29.802324835690108
XYZ149313,NGC4388,13.605117884718046,29.697756062422414
XYZ182087,AGC232137,8.820609058581194,29.85045242562892
XYZ477002,NGC4630,3.4777898801464806,30.407210522123886
XYZ378707,EVCC0629,5.4112439772992165,30.323883279286495
XYZ247637,NGC4606,5.379819459800496,30.36006282920456
XYZ313174,PGC040834,5.5357952036157485,30.14252322396236
XYZ477018,PGC041515,9.671068353671595,30.130127580583153
XYZ280412,SDSSJ121058.17+241438.5,3.2834936695727723,30.61990169663913
XYZ608096,PGC1376175,4.630851655148956,30.27361860147295
XYZ706401,SDSSJ124125.41+191317.5,1.822199300949141,30.981096912615957
XYZ837480,PGC037931,32.524618810908514,28.883755921921153
XYZ673643,SDSSJ122641.71+180813.4,11.701997137346268,29.721779716854474
XYZ280429,PGC1528400,9.113952882030151,30.18584082288888
XYZ411508,PGC039967,7.605823166099765,10.138018829085148
XYZ804728,PGC041000,11.540622131156917,29.763725137585617
XYZ804729,PGC045019,4.002353945947575,30.438028705586778
XYZ739195,AGC229321,31.247767931501038,29.07883165938292
XYZ804735,PGC040867,1.9772931731790697,31.073932839377278
XYZ313215,PGC040335,16.00087545426898,29.44899337033102
XYZ149377,PGC1191416,9.294310693254312,29.929745338723134
XYZ608129,PGC042717,1.6870652951482679,31.18342743675652
XYZ182147,UGC07943,4.810215344690231,30.400734576599778
XYZ313221,IC3612,4.761113867440445,30.39168768798955
XYZ739209,AGC225847,4.015585606252663,30.76532179113315
XYZ444299,PGC041006,2.666245506180424,30.820789421621996
XYZ247692,UGC07841,76.46390175565615,28.41165698736514
XYZ280466,NGC4282,4.570797335011385,30.242395606896736
XYZ247702,PGC1346685,3.7647020095225194,30.521614748294034
XYZ837528,PGC042626,1.5057379363862893,31.32871148127296
XYZ804762,PGC041570,6.056364693298366,30.178143843170496
XYZ542619,UGC07697,5.050883437403951,30.50478193223346
XYZ509856,SDSSJ121527.31+103044.4,17.14203424191943,29.2648458255712
XYZ149410,PGC039994,11.751035540704148,29.620931172749593
XYZ346030,IC3100,12.194727874507068,29.93221106576088
XYZ870319,PGC040972,0.9945771655240454,31.84040789356811
XYZ640960,NGC4713,43.4961671724872,28.63486208449583
XYZ247748,PGC039108,26.99494062694327,29.107192252449636
XYZ214983,PGC2806992,4.480845069349892,30.62095751154985
XYZ411593,PGC040435,4.124700122651613,30.75830030756993
XYZ640972,PGC039967,6.599082378488649,29.910599737197867
XYZ116690,UGC07596,10.51154995447375,30.010234139949052
XYZ444375,PGC040899,3.5484476660033923,30.417213423244142
XYZ706520,PGC039556,10.983075276987096,29.86212658163636
XYZ837599,PGC041942,5.651527736096263,30.294308057225006
XYZ116713,UGC07039,13.217092723428536,29.663079592522593
XYZ935914,NGC4569,6.605170860849289,30.148559610975894
XYZ215021,PGC1170050,7.171648334413831,30.15897448985452
XYZ509934,KK164,4.232709198544167,30.400627121023266
XYZ411636,PGC042870,1.4698603339975784,31.13256192428792
XYZ116745,IC3073,24.706002345356787,29.17190098183787
XYZ608268,IC3227,3.744736061712725,30.520548673439368
XYZ215053,IC3576,35.31448921823127,29.133629485225732
XYZ215054,PGC1267592,1.9020676955028288,31.131388769760846
XYZ477201,SDSSJ121707.14+074401.9,12.195351510482991,29.61552121026555
XYZ575518,PGC1307035,11.501495652366806,29.56403656895182
XYZ378914,NGC4660,7.473734757765637,30.040681274203564
XYZ378922,IC3303,4.695231897380824,30.487874411089162
XYZ608300,PGC1207185,5.553574844137291,30.230610764886144
XYZ673836,UGC07590,6.026573305568653,30.197048833568193
XYZ444461,IC3521,6.777929279332624,30.07921787311684
XYZ182328,EVCC0259,28.46455685165596,29.05030040466218
XYZ280637,PGC041863,10.05351071088267,29.79080102516092
XYZ116801,NGC4472,10.052572822602368,29.775845762695113
XYZ444487,NGC4259,35.68299918057223,28.83764246143878
XYZ378953,PGC042173,7.350563633946523,7.6407680561071345
XYZ870474,UGC08011,45.715631979577275,28.68108188200771
XYZ477262,UGC07990,12.804428464191767,29.795829611134494
XYZ280656,PGC040437,10.268883914753783,29.949316276220408
XYZ804950,PGC040479,4.3545377947474035,30.336304032982177
XYZ247899,UGC07945,4.528123571231182,30.175760911596235
XYZ641116,IC3435,2.6536229208518027,30.898788679212828
XYZ837730,DDO128,4.496094310682308,30.560673221680638
XYZ149605,PGC042144,11.215359007255664,30.168015174103783
XYZ739429,PGC042796,9.086263926355198,29.660901347545614
XYZ673911,SDSSJ121746.61+052236.2,31.72961232157472,29.152962520552805
XYZ542840,PGC042417,10.575374045799292,30.01129052595102
XYZ804989,NGC4396,12.465793065204803,29.872779930200753
XYZ673918,IC3414,5.3580240861476,30.429959327554858
XYZ936068,NGC4292,2.7647419056522553,13.21781357074078
XYZ542855,PGC039292,2.489183911616284,8.395791038185262
XYZ608399,NGC4378,7.153355101923877,8.016857045542665
XYZ182420,PGC042340,4.708589124147296,30.58149892988122
XYZ903322,SDSSJ121419.86+132706.4,7.063053388370681,7.786283104213361
XYZ379035,NGC4312,18.990388474513125,29.24814794713681
XYZ247967,PGC039861,6.172386651185247,29.94387530207951
XYZ477350,PGC041907,8.476826493464328,29.879041168771106
XYZ706731,AGC233574,3.0185875461763128,30.611555448761774
XYZ870572,NGC4305,30.397547974886756,28.943209755958957
XYZ215226,NGC4067,9.961825306167139,29.752338675759027
XYZ346300,IC0781,31.346842181612974,28.850674903933587
XYZ837824,NGC4312,5.877421274586332,30.257604658888077
XYZ182466,SDSSJ124142.58+243105.0,13.497749473200525,29.232212867888958
XYZ542919,SDSSJ114717.56+162004.5,8.287288841788174,30.18352258557711
XYZ837840,KK128,5.4329401306093965,30.251249847110856
XYZ346322,SDSSJ121032.03+142923.1,5.605267334190349,10.193916975296379
XYZ575707,PGC042679,4.374038510028553,30.54086393741131
XYZ936159,UGC07143,6.688444966856753,29.929123785496994
XYZ542958,PGC040588,8.555667353012652,30.18807707156775
XYZ837878,PGC042717,2.8417036555426556,30.941070453710438
XYZ805112,NGC4642,15.542013060075334,29.5471654458661
XYZ936187,NGC4586,10.055320018979556,29.776182390082287
XYZ215299,PGC040100,114.53833202832065,27.80214251120974
XYZ608522,KDG104,10.191127917097806,29.853651579542078
XYZ772365,SDSSJ121444.59+124722.7,6.352274453186302,30.10257313362604
XYZ805145,PGC042008,5.920062388648941,30.223609213994695
XYZ641308,UGC07133,2.468568728143059,30.674671116735713
XYZ739613,UGC08055,11.874675770273097,29.599220761685164
XYZ346400,PGC040312,13.820996914668273,29.7385060537161
XYZ313632,NGC4578,4.79229822003984,30.266114290902458
XYZ641313,PGC1139671,5.6324334498961175,30.305375730762997
XYZ379176,NGC4312,3.592372051753771,30.595571757016057
XYZ575784,PGC041174,38.513261096467836,28.522319679031472
XYZ641325,UGC08011,4.202263217039931,30.60665547251434
XYZ608561,AGC749241,3.874852926841136,30.60289883572466
XYZ444725,IC3032,15.299236582672506,29.558560569363696
XYZ739637,SDSSJ121240.72+065027.7,9.017746517656262,29.963337264377223
XYZ510276,PGC040338,19.123179069658615,29.4066515337573
XYZ903504,PGC039333,20.03882338895086,29.098748896606388
XYZ215380,PGC040408,4.687072538789736,30.678028412520824
XYZ510302,NGC4523,5.149644475639719,30.329935180162696
XYZ477542,EVCC1002,4.25111177293402,30.45651420529976
XYZ313703,NGC4212,3.67762464209429,30.634926275683682
XYZ706925,NGC4405,9.365206276326445,29.955652675266034
XYZ477560,AGC224696,1.7020915513169008,31.39655312208133
XYZ969082,NGC4478,4.183912045924239,30.525276861607033
XYZ477565,NGC4543,2.2083120698643124,31.07533000339627
XYZ772483,UGC07185,15.062861657948915,29.70360663462173
XYZ444813,IC3727,9.114393092666438,29.996316059004688
XYZ379281,PGC1137065,12.813334048293068,29.69210638174816
XYZ772498,NGC4216,4.8328666689218815,10.060174147003284
XYZ149910,IC3840,3.5510970645801065,30.311808878679056
XYZ280986,PGC042615,2.912317950572634,30.697092544083077
XYZ575912,PGC041541,2.171549779500977,31.050323989797896
XYZ969130,PGC3089432,4.471069838390803,30.457439746911007
XYZ805292,VCC565,4.374606937606014,30.40837358209159
XYZ805293,AGC226054,4.586323841747687,30.604841039121727
XYZ969135,PGC086434,9.795776479421937,29.602414595652537
XYZ510396,IC3100,2.8449314960414864,30.99258151475151
XYZ870848,PGC040958,7.063348690561389,30.061882378261423
XYZ117189,PGC040604,18.24886026864939,29.393097959561782
XYZ870854,PGC041245,5.707301389400127,30.435591208035884
XYZ543174,PGC1186061,15.715198162362418,29.54350297500027
XYZ313801,NGC4552,44.28135539124518,28.941779371325115
XYZ346575,NGC4561,7.002810003779354,30.19777031531025
XYZ608721,PGC1207559,6.58958412026782,30.10206646967421
XYZ510418,PGC135807,2.5322924675869487,30.802374417197953
XYZ477653,PGC1120391,6.886150105327117,29.80045848879968
XYZ346589,NGC4578,5.903875177084542,7.571748982316553
XYZ575971,AGC229379,5.648414860866316,30.59020458531651
XYZ313828,PGC040046,56.786778519501624,28.504721324263556
XYZ182757,PGC1143249,4.784586580758408,30.230813265284148
XYZ903654,PGC042615,17.23729205624318,29.2439784696476
XYZ805358,NGC4564,7.424651302296943,29.985628390188012
XYZ805365,PGC1214263,22.59440383337044,28.898276171961427
XYZ215542,IC3840,24.732135352791374,28.830531483750082
XYZ543225,PGC1289726,5.013334227633452,30.20136912410196
XYZ870909,NGC4189,4.272354712623625,30.260607992094645
XYZ936451,NGC4222,14.10679677458624,29.507831720379876
XYZ281099,PGC1132599,8.561468683789553,30.129235536776694
XYZ969234,DDO097,3.607519490912912,30.647778141337895
XYZ477721,IC3501,6.160807554840086,30.29087281859703
XYZ510492,IC3466,12.49839153360828,29.58658922882011
XYZ477728,PGC1374571,3.553722347961643,30.819886961232147
XYZ870945,IC3021,9.270354527445784,29.827859857110205
XYZ510504,NGC4180,6.380005691830562,30.19605993941016
XYZ936489,NGC4624,4.58529176828353,30.552210986981382
XYZ936502,PGC043457,17.073601648584884,29.621271516128637
XYZ707127,VCC565,1.1597197866973699,31.464078190029834
XYZ182840,KK111,8.78208217226277,29.98299114866838
XYZ870971,PGC039923,1.7371219540710292,31.296060551639368
XYZ379455,IC3490,12.618923983668775,29.344460527570728
XYZ805447,SDSSJ122641.71+180813.4,6.512425450942051,30.151410317500456
XYZ477768,PGC041264,5.128985619334208,30.341020507733003
XYZ248395,PGC041056,6.901937423323696,30.16789202342061
XYZ969295,PGC039108,7.08227074155251,30.063866492574707
XYZ281171,PGC039188,25.02850024294029,6.990665812221653
XYZ510569,PGC093119,26.71519897305286,29.183283640114926
XYZ117355,UGC07982,6.934039096582457,29.839814229129967
XYZ543343,PGC043072,12.806256621589242,29.28310949552466
XYZ182901,PGC041619,11.511202569483935,29.785504453609988
XYZ379510,PGC041664,2.0318047019440892,31.182577913823845
XYZ969337,PGC040094,4.489267284782619,30.291664418605915
XYZ543356,AGC742507,2.4432006453651227,31.063169248629443
XYZ608898,NGC4636,3.627207421477426,30.475757156347658
XYZ412292,GAMA220751,4.414322328029775,30.40537801747427
XYZ838282,NGC4262,1.0708298207862734,31.42272143653008
XYZ346763,PGC041223,3.397324570694942,30.587929178768515
XYZ379542,PGC214037,4.563347571819159,30.41382083873256
XYZ445104,PGC091215,10.423087333289878,29.623460692366788
XYZ248506,PGC2806928,2.9706232845955056,7.326544774071525
XYZ871109,PGC040723,12.751396873187893,29.712177292679332
XYZ510673,PGC040881,10.270051993827325,29.6754575386843
XYZ707282,AGC228094,10.338793991261728,29.89744625699649
XYZ117460,NGC4425,3.368725348376785,30.535286521677754
XYZ576219,SDSSJ121240.72+065027.7,20.23801442802968,29.203232370110975
XYZ215776,PGC041541,2.845708141487929,30.874450959580862
XYZ445158,PGC039515,81.2339646034448,28.427182557590548
XYZ412393,IC3229,20.861271136182452,29.467777489893777
XYZ805613,UGC07421,8.805799602762006,29.913809415771
XYZ379634,SDSSJ125651.47+163024.2,5.0826115081143906,30.184789888340017
XYZ641778,IC3517,7.114668358154181,30.081614633877077
XYZ936692,PGC041358,6.043834207341,30.193462145327587
XYZ674564,PGC041762,25.70613797496509,28.921621258637295
XYZ314129,PGC089681,2.6683694195920276,30.920039331374877
XYZ838420,NGC4539,7.101709668150629,11.703345237017487
XYZ215831,IC0798,5.423300503691733,30.44301655585343
XYZ805660,NGC4430,11.879928327259526,29.856593683602078
XYZ215838,SDSSJ121649.78+133014.8,2.0078962840505614,31.133147976190052
XYZ281387,NGC4480,5.740947203626391,30.399489026409476
XYZ805686,SDSSJ120950.58+125411.4,10.685024609152222,29.849950421457187
XYZ707387,PGC1103489,4.111026313289702,30.254877351098497
XYZ412492,UGC07943,7.991744793999328,9.171676942701804
XYZ772941,PGC042758,5.614476375860203,30.371062992253357
XYZ183123,PGC041214,20.844605001290326,29.16649198559109
XYZ183127,UGC07239,4.286251471851201,30.609611198125137
XYZ183133,PGC042553,3.2883484641927017,30.813161504770864
XYZ215902,PGC041507,11.489349314064793,29.883588798041533
XYZ543583,UGC07945,10.341617289654737,29.640447949040436
XYZ445281,NGC4503,7.917110533725019,30.103160589443817
XYZ215916,PGC3120683,2.999308273610132,30.554208871386624
XYZ510830,NGC4266,6.039558747058727,30.00404121316942
XYZ871288,SDSSJ121907.33+073805.5,3.916099572650721,30.566289038857832
XYZ609158,AGC226030,3.2676529491019264,7.134912316582234
XYZ347021,PGC1410554,4.400457136082659,30.562848294797874
XYZ936854,SDSSJ121458.02+075304.2,3.4598492503714415,30.60890445282497
XYZ904089,PGC1365234,7.107213545216867,30.02944652554788
XYZ805792,NGC4565,8.127466321534577,30.067514947736612
XYZ445345,PGC040015,3.5725635352074403,30.793568846369812
XYZ478123,NGC4880,1.3657947392003245,31.47566486956157
XYZ248751,NGC4660,8.532005573383191,30.068492109192437
XYZ641973,PGC1229213,11.677262445827033,29.41680641376242
XYZ117688,NGC4222,14.443546760438556,29.4782041014829
XYZ183225,NGC4659,42.87575870703224,28.799342535656066
XYZ904125,PGC039861,7.739313780652116,29.878996691677077
XYZ281536,UGCA298,5.08285430657072,30.395279706156348
XYZ510914,PGC1129667,10.344904862201181,29.805418718748072
XYZ183246,SDSSJ124942.06+052922.2,9.37495510658075,12.311373590573815
XYZ412626,PGC3120683,11.610550326502615,29.440620373610408
XYZ969689,PGC040969,0.832471537915874,31.634639195428953
XYZ838645,PGC039986,9.974937747882723,29.657504309588855
XYZ347139,UGC08114,17.033569970478258,5.937774476511134
XYZ216067,SDSSJ122613.89+035013.6,2.067631496436303,31.04374632054685
XYZ871427,SDSSJ121140.31+125824.5,10.957170020362925,29.829157553461652
XYZ773125,NGC4689,13.87662198388936,29.45917911153661
XYZ609316,NGC4434,5.170547052866306,30.532768950130446
XYZ478247,NGC4158,2.5605168813470893,30.757836876777667
XYZ543785,PGC1664006,5.108490581309322,30.319919344845932
XYZ674859,PGC040604,6.027485146090838,30.152712336886637
XYZ445485,PGC1166504,31.350938714440858,28.980234444054428
XYZ937006,IC3073,18.726125690577803,29.33651097448797
XYZ871472,PGC041699,6.117568285714587,30.167433513987152
XYZ740408,PGC041059,11.968717940577074,4.965865457233548
XYZ642108,VCC1287,6.222961070635062,10.530541619034324
XYZ838717,SDSSJ124142.58+243105.0,46.201887607587054,28.20805111778781
XYZ478273,PGC041507,6.207939579838484,30.215368952613318
XYZ674886,PGC042144,4.870722742228322,30.673141767088836
XYZ609356,PGC040969,9.843777692035369,9.350013453738573
XYZ609357,IC3032,13.901155635154758,29.527322387375854
XYZ740433,UGC07425,11.006149965859537,29.663014177910394
XYZ281682,PGC043698,0.5960566264151121,32.27161967077187
XYZ642129,EVCC1141,6.563561248439062,30.451479562199484
XYZ478294,PGC040958,4.189478811468759,30.421664809782705
XYZ969838,PGC041027,6.751593807524706,12.253171017869384
XYZ609393,NGC4629,8.213324907466838,29.94177753639508
XYZ609399,GR10,22.566098986668248,28.941259715004232
XYZ347261,NGC4192,4.930930433315477,30.269412952730654
XYZ445566,PGC039309,14.936224830204713,29.592272580496704
XYZ543898,PGC039889,4.918476983535717,30.19128420362787
XYZ642203,NGC4305,4.759699829223439,30.259660707346125
XYZ281756,PGC1255427,6.654252805865614,29.72636697425202
XYZ117918,SDSSJ121517.12+062335.3,4.9377887723727865,30.07091777163796
XYZ511134,NGC4212,19.22923958254839,29.187920651384818
XYZ117922,PGC1674681,17.397453077107162,29.49163207982684
XYZ937129,NGC4342,7.92149703797352,29.886485340646203
XYZ937133,PGC1292491,14.608917843457778,12.952701673798483
XYZ969903,NGC4299,6.840044476390601,30.09594556015314
XYZ216242,SDSSJ123955.45+095520.7,5.599023305278532,30.369880671686527
XYZ609467,NGC4497,5.911618276571363,30.297657344139175
XYZ216254,IC3019,4.071676417828674,30.439608636746822
XYZ314560,PGC1293380,7.093622651807591,30.26856681409996
XYZ380098,PGC042173,5.755366636702145,30.21828461448474
XYZ150737,NGC4793,6.98089462506831,30.119604360698986
XYZ675038,NGC4701,12.841040876947988,29.551809967154387
XYZ183525,PGC041090,14.983434859447694,29.59007867784588
XYZ478441,SDSSJ124451.77+162505.5,1.5395560557597692,31.58541921310819
XYZ740588,PGC1415716,6.970717240338797,30.01381321558606
XYZ576748,PGC040300,15.253497788611082,29.537255314155956
XYZ969971,PGC040094,13.549258620426551,29.472733909651144
XYZ806137,AGC229124,13.069109995784995,29.61114425094588
XYZ118013,AGC224696,6.837340309541295,30.248237528824287
XYZ380159,PGC043261,14.832824028299418,29.471709507764956
XYZ806144,PGC042884,29.6561387120452,28.959333851024102
XYZ118020,PGC041807,4.8349651895547066,30.074831421830687
XYZ118029,NGC4340,11.639687092528845,29.957813579445915
XYZ314639,AGC229200,3.725459195669576,30.656496515055345
XYZ216338,PGC040732,9.96555966867279,29.858913615446653
XYZ281885,IC3363,3.368284362882549,30.498205999650803
XYZ904496,PGC040737,4.412917296027791,30.151227808058145
XYZ347442,IC0769,5.651266464009188,30.301222817075082
XYZ576820,NGC4810,5.5001905211785385,30.06961488547373
XYZ511285,PGC042225,5.668463603633047,30.399097831051478
XYZ773432,PGC041695,12.84696600454333,29.487402071840652
XYZ445760,PGC1143004,3.9777046934978357,8.616676723865673
XYZ347457,PGC041308,8.940108882953792,29.654359081632176
XYZ904517,PGC040274,6.094695516854024,30.12683944849553
XYZ740686,PGC1307035,1.8994460610732693,31.046128636409993
XYZ773455,PGC039533,9.575805713111512,29.982562055865007
XYZ183634,SDSSJ124823.09+050816.3,7.322674860674649,30.184635814541004
XYZ314715,PGC041091,15.521237074856744,29.434647005771346
XYZ478564,SDSSJ123745.89+181750.2,4.8407884561856225,30.323788284028282
XYZ707942,PGC038299,13.807468216654591,29.37562540075369
XYZ609646,PGC041906,10.690917843889201,29.706428973041856
XYZ904559,PGC040838,6.116824438111033,30.104642273281698
XYZ216435,SDSSJ123044.76+054919.5,25.36608547589229,9.679292316535985
XYZ249210,PGC041631,3.8110095931912875,30.55925244987858
XYZ281981,NGC4478,11.57589149067422,13.047775327764501
XYZ380287,UGC07504,19.057703004448665,29.310788506390175
XYZ904579,PGC041734,36.85842678230568,28.766405155878964
XYZ511365,PGC041259,10.896984868382852,29.886226631985213
XYZ609673,PGC040806,29.818313902319655,28.86486632370684
XYZ642445,AGC724906,10.012651695358743,29.83483579579723
XYZ773523,EVCC0259,11.282432578349727,29.68570932285353
XYZ183699,PGC042340,4.223725328321855,30.38078112316785
XYZ150935,UGC07596,10.204919857803606,29.705821814318302
XYZ249249,PGC037954,6.603649481900742,29.951393234042403
XYZ675234,UGC08055,4.968436344275324,30.421370763721317
XYZ937380,IC3465,3.847198349694161,30.76357566586855
XYZ609708,PGC043864,3.4731892069309827,30.668961682753736
XYZ675251,PGC042757,6.736370926982747,30.115801131457086
XYZ282036,NGC4579,6.289340883936126,30.437316952865135
XYZ380341,PGC041712,10.669752081197325,29.84085776365796
XYZ413115,NGC4119,9.274218130759687,11.274790720760215
XYZ806338,NGC4581,5.919974039563527,30.233088010617337
XYZ347591,NGC4440,3.737181637769423,30.7179711248165
XYZ413138,PGC042884,16.015571247270515,29.304667956357765
XYZ183762,IC3115,5.547014101811209,30.387800015921176
XYZ708053,NGC4502,5.092667167581137,30.261652054275963
XYZ511448,PGC041433,7.069396712110915,30.080550222575866
XYZ642530,AGC227974,8.740309560919965,29.786560035531398
XYZ708069,UGC07504,5.043720935698219,30.47663276501878
XYZ871910,NGC4045,6.622833537552046,30.206489646204872
XYZ675302,IC3478,7.860172685601305,30.12319393195604
XYZ249326,SDSSJ121907.33+073805.5,6.300489636976668,30.093902041028826
XYZ216566,NGC4640,1.6689031693336027,6.609819174656803
XYZ282103,UGC07945,1.478004816104596,31.21263381918503
XYZ970232,PGC038878,6.863247800573313,29.860822886220625
XYZ675326,PGC040058,13.020617611760853,29.723470806513387
XYZ675333,NGC4643,11.137569254573965,29.723187315458542
XYZ380422,PGC039331,6.312237711967766,30.242281739900044
XYZ216587,NGC4430,5.027494783626737,30.63574234816918
XYZ478733,PGC1423207,9.244450841577049,29.970479839288675
XYZ511503,UGC07504,3.7733242210284437,30.850247638522475
XYZ314896,PGC039863,4.309496525049655,30.509074123616625
XYZ740881,PGC041395,9.596845118373789,30.094815513866703
XYZ413210,PGC042547,4.494131379015992,30.2688919867925
XYZ347684,NGC4431,4.704997270114848,30.404943519250068
XYZ282152,PGC041697,9.085405730244197,30.024871230584818
XYZ708137,NGC4281,1.2685761856694933,31.255580077527398
XYZ708138,NGC4434,13.865808613404374,29.977001631322086
XYZ183852,IC3322,5.396452945470439,30.074787861394743
XYZ151088,PGC1289726,15.961776941525022,29.444877845099686
XYZ740924,PGC043072,33.26582931247838,9.307601530761627
XYZ118337,SDSSJ122349.62+182720.7,15.298968782474095,29.445126849409817
XYZ740930,IC3120,13.550696469904977,29.36546451819576
XYZ478788,IC3486,4.932693354225035,30.43919857817375
XYZ609860,PGC040229,15.29679516931274,29.324693966299428
XYZ642631,IC3520,4.46338818015573,10.692407757644347
XYZ151117,NGC4710,1.6202243515601884,31.1790450190795
XYZ413266,PGC1368352,26.65419990752317,29.03328127483764
XYZ970338,SDSSJ123340.31+124413.5,1.4779647274419578,31.229603732723568
XYZ511592,PGC039292,4.810214192143377,30.282301840125008
XYZ413289,UGC07138,40.48581193271726,28.688787371614772
XYZ937578,IC3416,4.029259972138106,30.585011529499273
XYZ577131,PGC039052,7.9886649503106115,29.708021689604657
XYZ872047,NGC4476,6.631965866549715,30.303834101861707
XYZ642685,UGC07929,2.6103408476275263,30.85165010331447
XYZ544384,VLSB-B,4.004039306625642,30.245313706165426
XYZ347777,NGC4548,7.535202344691451,30.037918017568035
XYZ216707,IC3468,18.07900617895455,29.247817642484733
XYZ282249,PGC042945,8.779813914339734,29.968221965260586
XYZ708240,PGC041619,7.542076038416455,6.73689229464328
XYZ904851,NGC4649,6.044886586403333,30.25177068167057
XYZ937629,PGC041700,12.602091006088722,29.226363379644525
XYZ216734,NGC4461,2.6106223571828364,30.818877526638488
XYZ708255,IC0783,7.448134959107137,30.11981267059512
XYZ151203,PGC040739,5.064311274414471,30.437205744912667
XYZ872107,IC3478,2.2394213004298376,31.16870876451494
XYZ937648,UGC07707,32.85081829680094,28.748095350629672
XYZ478898,NGC4067,5.248000511298134,30.149488550624618
XYZ380603,NGC 4269,41.63983422110525,28.61125607474348
XYZ609989,SDSSJ121341.42+090040.2,5.6638747214085114,30.09021591228175
XYZ184009,IC3716,16.04658175418197,29.47343195688356
XYZ609997,UGC07531,3.9726888933482094,30.43277892464262
XYZ839378,NGC4653,8.131411001029328,29.967295690045635
XYZ970451,NGC4206,9.52980231449655,9.674527014596478
XYZ315105,PGC040680,5.471078474170939,30.21625905208969
XYZ380649,IC3308,13.967170869384127,29.58784589033389
XYZ675569,NGC4343,11.86995918361499,29.630639380114
XYZ642809,PGC040641,15.853561887540037,29.256216078444172
XYZ937730,PGC042378,3.311405899962935,30.703673674134087
XYZ184066,PGC040519,5.2120427907977644,30.1865318658886
XYZ773892,IC3017,4.300589580808262,30.321834148375704
XYZ478987,PGC1126897,5.661078549448393,30.162100498132077
XYZ872204,SDSSJ114843.14+171053.1,8.043859112909296,29.95716904847565
XYZ446223,NGC4666,8.09888519200313,29.853415700612867
XYZ610065,AGC226054,4.166916535217293,8.642878139545711
XYZ741138,PGC039806,9.290839803623436,29.837162120492323
XYZ478998,GR10,4.176253423958861,30.709842627693792
XYZ249625,NGC4793,4.748909361820181,30.311099717464018
XYZ216859,PGC041726,2.875400145991459,30.736881551432443
XYZ773917,UGC07780,6.260939214754631,30.32459056322553
XYZ315183,SDSSJ125106.78+120335.4,2.1878389257355417,30.655810204998886
XYZ413488,EVCC0629,6.111144074113965,30.192034253638283
XYZ413489,PGC040107,6.97559467466882,29.950921938713027
XYZ675637,PGC041098,5.132674238600325,30.502531248337327
XYZ741175,IC3105,3.119789004341119,30.78077705550835
XYZ151354,PGC043183,2.067948927642051,31.14926868979361
XYZ315202,PGC041488,4.058393239302095,30.478806645193618
XYZ118600,PGC1124896,15.098791317889233,29.49760993824143
XYZ380746,SDSSJ122349.62+182720.7,1.569509853853905,31.339751273506643
XYZ806733,NGC4323,4.819806897818658,30.397741304581224
XYZ675663,KK167,3.475410258315199,30.816630409057996
XYZ905043,PGC040680,98.272881176098,28.248269065866882
XYZ184147,UGC07436,10.983952342501551,29.765795139331615
XYZ872281,UGC07354,3.160189494618792,30.63782627298051
XYZ708447,IC3487,13.08506038946567,29.441159241368204
XYZ249699,PGC040680,7.518689952089949,30.06391223704364
XYZ970599,NGC4586,13.928823024504334,29.3656978736271
XYZ806763,IC3155,3.5461468555067186,30.683860745995705
XYZ773995,SDSSJ125106.78+120335.4,6.2500339551614434,29.98533500099163
XYZ348013,KK173,7.781654357626597,29.860922404120473
XYZ282482,IC0755,5.363570478500516,30.09300209605921
XYZ511863,PGC043211,8.182641330143504,29.905401745778686
XYZ380802,PGC1103962,5.200313728716159,30.2409573839802
XYZ249733,PGC040683,9.509892787719618,30.046914622555686
XYZ741254,PGC040974,9.245550781537728,29.746446751077258
XYZ675717,PGC041240,27.73855432425235,28.926085815426422
XYZ151432,NGC4516,1.6569159230508466,30.992588295735473
XYZ642953,PGC042878,9.273037826468936,29.823507677648802
XYZ610198,PGC043051,9.036998803883694,29.76255744872084
XYZ282527,NGC4540,6.7032430063357245,8.18419041742586
XYZ151457,PGC1382204,28.18428360301657,29.1998752484358
XYZ708523,PGC040759,4.592456687975717,30.78169366122074
XYZ872365,PGC041807,9.14696179124773,29.776795781175167
XYZ872374,NGC4402,2.448520656200318,31.038175569324007
XYZ577467,PGC040462,9.939516875166948,8.11197218283176
XYZ774091,NGC4688,81.00095661258597,28.38084256532973
XYZ544722,PGC041140,3.3927557960318486,30.789622344928876
XYZ348121,PGC038970,9.55978362611917,29.955597275846753
XYZ544732,UGC07143,11.363171019700559,9.217436891183642
XYZ544734,SDSSJ121649.78+133014.8,3.087796122025628,30.734183306878105
XYZ937956,PGC089680,13.10893809538613,29.481756943326815
XYZ413675,PGC040435,6.540094220045589,30.466566897126846
XYZ839661,IC3470,10.604518847904336,29.923625311934533
XYZ118769,NGC4772,11.420157074899324,30.13772653887811
XYZ249842,NGC4478,3.774385907393491,30.6594159476879
XYZ151541,PGC040972,19.10300468853645,29.392745822528454
XYZ905218,UGC07396,2.069702057875416,31.334610782698178
XYZ970762,PGC040969,2.405183217955392,30.943336129250554
XYZ544780,SDSSJ114843.14+171053.1,5.471066296934227,30.322947955135835
XYZ610317,PGC039894,1.3825670503455465,31.415397124753646
XYZ413710,PGC1294753,5.736892685417884,30.190304784186523
XYZ577551,UGC07399A,1.1262252012786635,31.537326490905528
XYZ872465,SDSSJ124637.60+221446.8,5.598211124276782,30.50697480380433
XYZ151571,UGC07387,2.187211757567696,30.92872899207842
XYZ512023,UGC08285,3.814338280819291,30.476658548481453
XYZ970777,PGC037954,2.0882136696226685,30.878485123079113
XYZ380959,PGC042497,2.454756827560501,9.697626223262862
XYZ970790,PGC039460,81.07990638377244,28.382555944821156
XYZ184358,SDSSJ121649.78+133014.8,6.474616873199299,30.368343767573432
XYZ151592,PGC039286,5.592554597645859,30.29757672851032
XYZ806959,AGC229174,8.012632477225685,8.688528047706903
XYZ741424,DDO139,4.260506702709463,8.967233065814167
XYZ970800,PGC042057,81.2587896871316,28.276824840895806
XYZ413751,PGC039766,2.3489954927102636,30.722343307091005
XYZ741432,PGC042248,3.628702667873561,30.45327142893027
XYZ905299,PGC041917,35.43168161778745,28.713499550656433
XYZ282710,IC3063,10.090718328128197,7.1937788897838395
XYZ544860,PGC040899,4.901260886793527,30.208733751205656
XYZ151647,NGC4565,8.119969794401596,30.21514291738843
XYZ315488,SDSSJ122928.18+203348.8,8.125013932517128,30.12935364840444
XYZ217185,PGC039144,15.427130216462901,29.614775666138772
XYZ774244,PGC039230,10.217466460187394,29.847093403409808
XYZ315497,KK140,5.737059848209679,8.559261132498392
XYZ807017,SDSSJ121210.92+025255.6,1.1522752328030172,31.689253529555412
XYZ118889,PGC040210,5.951961968328491,30.27388997530638
XYZ151657,SDSSJ121240.72+065027.7,12.738671570587508,9.4562653579532
XYZ774250,KK140,11.102316509633669,7.224033804986529
XYZ577666,PGC1207185,0.7186410191757718,11.943133317295334
XYZ315523,PGC041744,6.774950675172806,30.514985052035804
XYZ544902,IC3881,5.759446671474363,30.276451699659432
XYZ610439,NGC4607,3.0107879245738727,30.58919226162432
XYZ807047,PGC040422,4.95231465546553,30.3547606670251
XYZ872591,NGC4351,3.7305955454533732,30.291792489198702
XYZ643215,PGC042537,27.09994813195424,29.421851235526084
XYZ938129,PGC042340,7.580383363919503,8.997965148373211
XYZ938131,SDSSJ125952.41+033758.5,23.497797798980056,29.006306010348364
XYZ250005,KDG141,6.88420965577045,30.248965053213684
XYZ217245,PGC039833,39.833100438022676,28.593882805538247
XYZ839842,NGC4417,4.150233551091981,30.469856658713972
XYZ446628,PGC3294233,56.08326179571428,28.683963674336848
XYZ807087,NGC4442,4.8954140043657715,30.440035155401365
XYZ250043,NGC4580,28.2076682517765,28.921923446600054
XYZ839869,PGC040285,15.205281840105766,29.4918928514435
XYZ118978,IC3355,6.376092586994987,11.765099556149348
XYZ413892,IC3773,4.582063536953658,30.54826089198927
XYZ839878,PGC1537492,23.302525285197028,29.058888098306138
XYZ381133,PGC041598,1.6199909760468096,31.175905867444936
XYZ184526,SDSSJ122825.86+111424.9,4.834894968331383,30.497714561156144
XYZ184528,PGC040617,12.291639559466237,29.79218303326254
XYZ217310,NGC4292,3.711063737591057,30.71789092083456
XYZ839909,NGC4596,6.08957362895749,30.190613280377484
XYZ381158,UGC07321,8.53520745309363,30.03460565748545
XYZ479464,PGC038926,23.08618298309532,29.22686741266454
XYZ119032,SDSSJ124936.90+215505.7,1.8778534941810205,31.358454913262456
XYZ676100,SDSSJ130320.36+175909.7,1.2793696612764847,31.423369023451137
XYZ577802,PGC041906,3.5948502626514314,30.454700460113017
XYZ250127,PGC041360,10.974997286291115,29.577529097680834
XYZ577821,PGC042325,5.784021065254954,30.439180417640372
XYZ708895,NGC4552,9.79164814801418,30.006110445480534
XYZ413984,IC0782,11.096743990217876,29.918866286983928
XYZ151851,PGC040235,8.430092665725102,29.97534850437865
XYZ151852,PGC042211,4.022252266083173,30.454982547484576
XYZ315695,SDSSJ115300.30+160229.4,12.690362119410787,29.62937911350502
XYZ610613,NGC4339,7.345725975712969,30.250702146374255
XYZ282933,IC3044,3.228948917975977,30.858199740418186
XYZ414007,PGC1368352,1.540780208685002,31.058767317686506
XYZ905530,PGC039893,3.0570142958923197,30.99458545250097
XYZ610622,UGC07039,6.783645119253327,30.075927734211543
XYZ643401,NGC4701,7.3869618982260565,29.889016011258047
XYZ348490,SDSSJ123743.70+181556.0,28.29987241800804,29.135333899279278
XYZ512332,UGC07824,2.236427231217444,31.001398213461208
XYZ905550,PGC041090,3.623622472993647,30.74990598175486
XYZ348496,NGC4845,4.583333212781045,30.62719658164095
XYZ217425,PGC040553,13.673872015477896,29.67080959100563
XYZ741712,KDG141,5.288784129727045,30.45528641735443
XYZ872794,IC3487,1.2428921598610172,31.303692300587787
XYZ217437,NGC4303A,2.817638570983734,30.499778150418997
XYZ151905,NGC4352,5.31893845169055,30.159876300486292
XYZ774512,NGC4344,10.783311225427882,29.675963521821906
XYZ184692,SDSSJ125952.41+033758.5,5.997741799737423,30.232923388741806
XYZ807287,PGC041193,13.90346873102448,29.80307073229668
XYZ446842,NGC4303,20.361308849796938,29.430443940733788
XYZ479611,PGC042673,5.3936010579267215,30.26760331503104
XYZ414077,PGC042077,41.28874515034219,28.64502473646043
XYZ577923,PGC041826,7.969353188364435,30.142092298879927
XYZ512388,PGC042068,12.790237876633343,29.646085934198016
XYZ315781,IC3384,3.747396269492076,30.567915722833842
XYZ446857,NGC4754,0.7982344914461921,31.609588379976255
XYZ119181,PGC039460,16.27112884870055,29.33050249817466
XYZ119182,PGC040157,3.090436100308691,30.730669500738063
XYZ676237,NGC4049,10.014784588790778,29.48532781006942
XYZ446887,IC3313,4.832709773487947,6.55716599852197
XYZ414120,PGC040948,2.3985371514641387,31.05491526743119
XYZ905642,PGC039392,4.220073265116615,30.545724438186756
XYZ610734,IC0809,5.50141960495571,30.360166365784487
XYZ807345,EVCC0504,5.527663530071536,30.278611792745977
XYZ119225,NGC4406,9.345038101117105,29.97500395496585
XYZ741826,NGC4642,4.024408872143945,30.494803984901292
XYZ610759,IC3492,5.494395996319675,9.05087170589934
XYZ807368,PGC037954,10.679638458213857,29.59368877722545
XYZ807375,PGC042248,6.999174027409903,29.985709374225056
XYZ643539,PGC045019,5.785782042925939,30.240831234006684
XYZ774611,PGC040262,6.977159010096297,30.11140612141596
XYZ905691,PGC042381,2.3774744020989234,30.8415065132258
XYZ348635,IC3487,9.857606833434271,10.387887799473788
XYZ545251,IC3586,2.2980393678180397,31.12212763178708
XYZ315876,PGC043056,42.92762564910203,28.676977163792134
XYZ250341,AGC724906,4.467298632129032,30.431776270547672
XYZ283110,PGC042147,3.268157959677163,30.498826069275836
XYZ938473,SDSSJ121820.56+045113.6,13.296345527904005,8.160793011889687
XYZ512495,PGC041907,2.1518554114346173,13.192628683670051
XYZ446966,PGC041770,4.970477344533846,30.494810148179198
XYZ578042,UGCA294,4.092635378317921,30.42516479565415
XYZ807425,IC3392,7.08895594396142,30.034119534076368
XYZ610832,UGC07567,15.028844776109459,29.599116485964714
XYZ905749,PGC040867,7.027562190048598,30.16234494618339
XYZ217621,Mrk51,7.886968075335339,29.758026485983898
XYZ348693,PGC043888,2.8643512458721174,10.835309447756313
XYZ250392,PGC039565,5.205419744097186,30.176047746982828
XYZ184860,PGC039421,5.755877930179776,29.87521748143653
XYZ578077,NGC4488,11.267348008777564,29.906786882714812
XYZ315934,NGC4366,7.375944190647496,30.02166052991647
XYZ971302,NGC4503,4.698212659414931,30.57709148796053
XYZ938549,PGC1488625,11.103093987526076,29.631633950098504
XYZ512576,NGC4747,5.706861096458502,30.088496819023394
XYZ676425,NGC4633,66.37842003939636,28.43914825390752
XYZ938569,UGC08053,5.0598504365457115,30.589648450350843
XYZ905811,AGC229180,26.527151143051547,29.217565653375818
XYZ807507,PGC041782,5.885055367157615,30.136831724770367
XYZ709205,PGC200170,50.36904872986422,28.753878172046086
XYZ905816,NGC4486A,6.71108446564842,29.59892380776175
XYZ479833,UGC07424,5.024104567214194,30.548596749509993
XYZ479834,NGC4299,6.027159315407821,30.184092849530966
XYZ217689,PGC1136400,4.929196445211892,30.310564150515386
XYZ152158,PGC1351666,5.434222524763401,30.016890662591447
XYZ643679,PGC040869,9.047990878459554,29.99223808765198
XYZ774751,DDO121,23.358301072001705,29.067950164438567
XYZ414305,IC3453,5.078354437194357,30.386066071368884
XYZ184932,PGC039620,5.247079681193077,30.412043916970905
XYZ807528,UGC07504,15.445774789720447,29.619317037208003
XYZ184937,NGC4192,4.403290765767565,30.514910132802534
XYZ905836,AGC226178,12.65580319887729,9.395743733929748
XYZ676463,NGC4341,114.59450596021934,10.040610590272106
XYZ840309,PGC040912,23.141996060336915,29.17311752516512
XYZ938616,PGC043457,22.74065548940303,29.368044398634794
XYZ414330,SDSSJ122155.85+174052.5,4.007881718702676,30.491367729515648
XYZ807548,NGC4765,4.061884150238619,30.424794411616574
XYZ905853,PGC1207559,3.768327415036783,30.29265848561396
XYZ873088,NGC4826,45.941982371438826,28.67252002468675
XYZ283265,PGC1120391,13.468006538351661,29.37375255327445
XYZ578178,PGC042634,6.519951086597643,30.333413233418064
XYZ447110,AGC219541,17.25071768942536,29.43585721874782
XYZ479886,AGC230077,11.78956666606742,9.874585256134456
XYZ119443,IC3023,3.1684758635837285,30.664005088082128
XYZ119446,PGC041325,10.743529554879416,29.77638402537059
XYZ545431,PGC042668,11.492707155227048,29.736215461977043
XYZ250523,PGC040732,17.387049084190284,29.471108499906983
XYZ676509,IC3716,2.1273298933762743,30.795301322487372
XYZ119466,PGC1166209,6.15618935095967,30.057067321785595
XYZ119470,PGC039845,52.04788012817122,28.57636144627822
XYZ807604,PGC040810,17.4002654813342,29.360100909263718
XYZ512696,AGC221089,7.076308087295332,30.20611005098017
XYZ185020,SDSSJ130440.05+184438.7,2.973268175262878,30.621646843388508
XYZ938684,PGC039833,11.258592159688344,29.666888509474724
XYZ152254,AGC742507,7.443461324275707,30.13198755253861
XYZ479933,PGC041805,16.421846844976894,29.1821955223984
XYZ742080,UGC07170,4.160468294403125,30.284270159144622
XYZ414404,NGC4402,8.964798186535507,29.991366861748478
XYZ807621,PGC2806992,3.5414590596666757,30.699908853581512
XYZ578253,UGC07138,9.477013512607739,29.795757452522864
XYZ742094,PGC040235,8.71252808551705,29.911720383032307
XYZ512724,PGC039488,17.476351899702788,29.518995634228716
XYZ938709,PGC040872,2.612438454902696,30.791519115064766
XYZ447196,NGC4570,13.176783779575732,29.831387878211427
XYZ283358,NGC4388,6.098236239697509,30.34225310818206
XYZ807664,UGC07314,5.385711922553769,30.445505924090497
XYZ348924,Mrk51,22.737840642759497,29.114797841706434
XYZ119551,PGC039424,4.8806945460932205,30.364403141300027
XYZ709378,PGC042084,3.3827531998801748,7.3162261973979845
XYZ447242,IC3229,16.25047400718276,29.64754724522339
XYZ938776,PGC040810,5.292784304546182,30.39203231805335
XYZ774946,AGC227991,7.428430141321167,30.108552675574188
XYZ316201,PGC043072,2.1026624281457704,30.95420336966183
XYZ611126,PGC1165632,116.88157323685594,27.918506888914667
XYZ807739,NGC4078,19.018424175907132,29.313009696442
XYZ643903,NGC4366,2.574367716127083,14.152674556621545
XYZ283458,PGC214037,4.79627865366572,30.43806805984638
XYZ447310,PGC041874,9.861623991233335,29.590094392608883
XYZ185174,NGC4216,4.8107308097290264,10.80569165430746
XYZ381787,SDSSJ124942.06+052922.2,7.468832627224197,29.93478725236155
XYZ512866,PGC2806928,2.1339385356510596,30.820156419837055
XYZ119652,SDSSJ122825.86+111424.9,13.593876797036213,29.55928665285995
XYZ447339,PGC040588,5.976175950410002,30.455914505522706
XYZ152433,IC3044,13.984766548240568,29.670577993451175
XYZ873339,PGC040848,9.969310220023624,29.560729709210953
XYZ152455,SDSSJ121443.03+103159.1,9.459460708704254,29.87053843896431
XYZ250763,PGC041345,71.01171548216564,28.389098400229763
XYZ414606,PGC042748,5.193334941894954,30.28366971484733
XYZ971667,NGC4527,10.156491435832953,29.62827134651169
XYZ480148,SDSSJ121444.86+060916.2,4.749209037965355,30.315026626617783
XYZ676757,UGC07512 = LV,7.4063844121860996,30.07749580518511
XYZ611225,PGC041807,1.2441022289062478,10.51135858148583
XYZ349083,NGC4440,1.9406464686385951,8.815297969631835
XYZ643998,NGC4411B,25.17283611991602,29.234369552210197
XYZ775075,PGC041802,3.9451044184532953,30.557341799126803
XYZ938922,PGC039255,10.95276235173036,29.605186594464556
XYZ742315,PGC039849,6.9754383331961565,30.226373963442505
XYZ709547,SDSSJ121811.60+043840.2,13.995281366715632,29.73245031140602
XYZ644019,PGC042132,11.22458675350513,29.739964427275694
XYZ283572,PGC1580851,6.129231290642241,30.05407864525727
XYZ906174,PGC2806928,4.980704191280649,30.220586361247673
XYZ644040,PGC042602,6.175967121339686,30.23427821227098
XYZ283593,PGC039655,2.07658889090353,31.02593446098623
XYZ185289,NGC4519,4.332469245491471,8.357747543976657
XYZ152528,AGC220133,16.35851256023185,29.58529295497201
XYZ676819,IC0800,3.675478719039229,30.856279555365546
XYZ807895,PGC1117977,6.273562813190376,30.100106363021943
XYZ644056,PGC1427916,28.635513371754342,29.022213394252137
XYZ480225,PGC040848,14.750287829884481,29.25925517386969
XYZ938983,PGC1165632,9.829891193548638,29.77694943695281
XYZ906216,SDSSJ121707.14+074401.9,13.114344929948121,29.709237907270197
XYZ676842,PGC1177211,3.7701459951867036,30.511273882359408
XYZ840686,IC3077,5.255118009587686,30.302551177899055
XYZ414703,NGC4303A,2.2790648257830632,30.972741968995635
XYZ349173,IC3586,10.047366008769012,4.601502626680421
XYZ283639,EVCC1234,3.0116630802351008,30.46850248343175
XYZ480248,NGC4491,37.769019999525405,29.11923434759421
XYZ283643,SDSSJ125736.51+091846.1,11.034652582632226,29.700220822067116
XYZ152577,PGC043940,3.255657652637878,30.773535796421683
XYZ578562,NGC4810,3.1951652829255046,30.569535073851824
XYZ971780,PGC1290662,3.130295838122905,30.7612200434463
XYZ709636,NGC4647,3.9795974457151186,30.667352152817372
XYZ578566,PGC041942,19.864373244950652,29.321612807083568
XYZ480273,AGC732226,4.539073874934257,30.35903974430022
XYZ873494,GR8,6.956961325949262,30.055225189328112
XYZ644118,IC3633,7.3116437858082115,30.08475511813637
XYZ939036,IC0782,3.4085501620891585,30.76471228696331
XYZ709661,PGC039727,1.128474245241044,31.052107673614294
XYZ709662,SDSSJ123102.35+180012.4,4.037278767366897,30.50797563277373
XYZ742437,PGC1205134,19.036870324476805,29.20831078424635
XYZ709671,IC3571,1.3642523310944599,12.280904831067566
XYZ480296,PGC041647,4.660529925601323,30.363998901283416
XYZ906290,NGC4393,23.751904108230548,29.281999560387572
XYZ611383,PGC041945,2.05253602853045,30.603864434895428
XYZ382008,UGC07423,29.05559217951558,11.46712463395296
XYZ250941,PGC038754,6.197209918938863,30.114212294151187
XYZ447558,SDSSJ121649.78+133014.8,5.045905968273292,30.266319215493997
XYZ808006,PGC1211453,4.875052472092598,30.36642009890017
XYZ775248,PGC1597887,5.673928431312458,30.289714345197837
XYZ742486,PGC044517,3.931511207009182,30.44764961635356
XYZ808024,LSBVCC378,3.7039261594263477,30.67533818038853
XYZ644192,PGC039662,4.360498633231496,30.561684893118212
XYZ840802,PGC041469,17.04657047822891,29.429095420106282
XYZ611426,NGC4470,5.155173924876808,29.923734126633605
XYZ742500,PGC039112,3.996552400261367,6.59799966096271
XYZ250980,PGC1227738,9.292402070946267,29.654269582639618
XYZ971875,PGC1327818,15.280665983124761,29.664502382850156
XYZ250985,SDSSJ123549.46+201755.0,7.48455735569941,30.116888659244417
XYZ709746,PGC039947,13.834832896562016,29.56079286113729
XYZ939123,IC3305,4.942482868176132,30.47270330966769
XYZ152700,IC3576,35.480831638830765,9.572140522696024
XYZ906367,AGC229385 = ComaP,16.884564795151345,29.310587538494744
XYZ119945,PGC042771,4.2712091026851775,30.605588861827385
XYZ251026,UGC08055,26.159355588319652,29.19771011507445
XYZ578709,UGC07314,3.900658689060735,30.566267053450346
XYZ513194,PGC040115,2.627059354753477,30.729212047576357
XYZ513199,PGC135794,4.042564633177003,30.832248890799118
XYZ939184,SDSSJ124322.80+054555.2,12.626910215934803,29.629032386138288
XYZ414895,NGC4302,23.37419002857659,29.3639213683941
XYZ775381,KK164,2.425238430073495,30.846765481513305
XYZ611542,PGC039532,4.508392582809234,6.212088775763554
XYZ546026,PGC1519757,4.931893861919724,30.54901997540415
XYZ414963,PGC042771,12.786638571031052,29.783208408340077
XYZ349431,PGC041570,6.236667140381625,30.118958055938613
XYZ742647,AGC229385 = ComaP,34.83265813548572,28.857070165907967
XYZ513278,NGC4411,9.966138234655814,7.193333781469203
XYZ447742,NGC4307,11.573709851817076,29.544922349509363
XYZ677126,PGC040422,6.009397595738866,30.306445491351443
XYZ382214,PGC041237,3.5090611027815437,30.719980241700643
XYZ775432,NGC4393,3.7166296036496655,30.40725989973255
XYZ283913,PGC1376175,9.624058938270766,29.603668006869704
XYZ775434,Mrk772,2.8913502839833987,30.844034095290404
XYZ447755,PGC041059,4.6066539469564365,29.860084056293193
XYZ578845,PGC2806927,5.807285892821333,30.316623560411404
XYZ480546,UGCA298,1.974815197059774,31.237596816918266
XYZ709923,PGC042091,4.724222192421744,30.438779530264036
XYZ185638,PGC3293423,14.574623753875954,29.594541069082425
XYZ742699,PGC040074,3.825535968515335,30.60970671745596
XYZ218413,PGC040235,14.004992101264241,29.445086769133038
XYZ415029,PGC1128047,9.742223985195142,29.853159225732348
XYZ283966,PGC169451,3.5774463691224643,30.56057190901965
XYZ513346,NGC4305,1.979512372394838,31.155606193333913
XYZ546118,NGC4808,5.348880098661279,12.590089739894655
XYZ841036,UGC07038,3.8933311847578276,30.606451171677016
XYZ677197,PGC042870,49.80972906080646,28.31001668046314
XYZ251214,PGC037931,3.771200862487348,30.545688697004536
XYZ480609,PGC1397674,6.766321326557686,30.183194047800363
XYZ775521,PGC1207185,1.2115132389617087,14.271836909065716
XYZ644462,RFGC2272,3.6280278444361485,30.484173974223946
XYZ284015,PGC040414,7.669121697406505,30.14096699730806
XYZ480625,SDSSJ123549.46+201755.0,19.950143409882337,29.163206559747714
XYZ677237,IC3540,8.344542595862514,29.914000552877603
XYZ251254,PGC039041,13.502840013542711,11.225338175633041
XYZ447862,NGC4621,19.189110099361287,29.160292974159837
XYZ611703,NGC4479,40.29329131684463,28.516260753374397
XYZ677252,PGC041084,13.39362730438175,29.71446408763091
XYZ742791,[SDV2005]230,66.55360002066806,28.260923260838318
XYZ611719,PGC041840,113.83333637807951,28.013656322975326
XYZ152968,NGC4501,5.510019647765765,30.04594816114278
XYZ218515,NGC4629,28.10871785771919,28.857811227529893
XYZ611733,PGC040951,2.158777087917902,30.912565686631
XYZ775577,PGC040574,13.044377368662355,29.694084618765316
XYZ939419,NGC4445,8.554911751008927,29.75591005648781
XYZ841116,PGC1466850,11.33992106585806,29.63970677060144
XYZ251298,NGC4689,13.348515973637177,29.604847264056836
XYZ284069,PGC086641,39.15280232702414,28.708418443757857
XYZ153008,PGC041726,3.2506550371804197,30.50292625378104
XYZ611762,NGC4299,12.548582835658653,29.50417717054377
XYZ873922,PGC042679,7.0043772175902665,30.078874002621248
XYZ284105,NGC4417,4.516770523523292,30.213754958241275
XYZ873937,PGC1263098,5.593460946993886,30.15898812626738
XYZ480721,IC3393,23.648674920465247,29.354894582902613
XYZ644563,SDSSJ121722.25+052545.2,5.043611806685566,30.337798644569034
XYZ153047,UGCA298,28.891684016622133,29.07450368785506
XYZ742872,IC3374,4.809100552394563,30.44120078007336
XYZ382428,NGC 4269,7.029507640813226,30.08740510766482
XYZ742880,KK183,69.14962012703364,28.21069583981322
XYZ415201,PGC041391,5.629306371550839,12.593607894988452
XYZ284132,PGC1286175,4.02534852015038,30.663089764596243
XYZ808422,NGC4523,5.589395585781138,30.09109396809447
XYZ120295,SDSSJ122431.27+062916.5,6.778383477677851,11.368030031412385
XYZ480744,PGC042669,24.58667999201896,29.081288911393955
XYZ513515,UGC07636,23.887263904199294,29.137998013552902
XYZ873965,NGC4466,4.992242689396153,30.52602366618519
XYZ284145,PGC041697,20.28351393118447,29.29509411301586
XYZ939506,PGC040511,5.309943110483365,30.123592785487663
XYZ775670,IC0769,5.340277221074156,30.38928958580467
XYZ480761,PGC1103962,6.0798120921174394,30.05358380535483
XYZ906755,NGC4641,3.6391087576089336,30.706262220277797
XYZ316936,SDSSJ122927.63+055825.0,61.971822759956254,28.386190851892117
XYZ611849,UGC07223,11.471984003436821,29.913069764627107
XYZ841245,IC3049,10.07709668798763,29.929676756199534
XYZ906784,NGC4641,15.651587083884758,29.5893914004661
XYZ546338,PGC041508,2.241108736573227,31.04797559013192
XYZ710181,PGC037954,3.9824262786060842,7.798115298364543
XYZ808487,PGC039845,9.238503508513878,29.86825530980031
XYZ939567,IC3443,4.676867752575208,10.279864074398688
XYZ808495,PGC039619,3.741381515572871,30.592639057972093
XYZ808510,AGC227991,2.7316330326656346,30.957344569058037
XYZ153154,AGC229200,46.073997460055814,28.58925796481125
XYZ284226,SDSSJ125736.51+091846.1,7.600719172031609,29.938630756691328
XYZ579147,IC3155,3.710377231022847,30.800368116338515
XYZ841295,NGC4758,5.4165361069293665,30.20676912357071
XYZ120400,PGC3296254,1.6780815613664175,31.28091400379939
XYZ841302,UGC07038,6.130754132362016,30.092759145208287
XYZ710235,AGC219539,4.295289511476775,30.42369097027707
XYZ972381,PGC043888,4.215650955284986,30.24537218089206
XYZ710238,IC3430,4.211544437371602,30.33643854483167
XYZ448093,UGC07596,4.800010403324667,30.344161790974734
XYZ808548,PGC3122921,3.54997157382967,30.506587809539955
XYZ349800,PGC1365234,16.189615715262562,29.403464666842954
XYZ415337,EVCC0819,4.216519761485643,7.913739788037905
XYZ480875,EVCC2007,4.802147251922685,30.33590889359951
XYZ415340,SDSSJ114843.14+171053.1,14.620017347573302,29.51983167102258
XYZ874100,PGC043261,16.76803898736275,29.467997394445245
XYZ677493,PGC038539,6.2343001577873505,29.912531232660562
XYZ218742,SDSSJ121443.03+103159.1,70.96370036733252,28.360570469360866
XYZ448117,NGC4548,15.726002669216937,29.471453838822182
XYZ251519,UGC07424,4.447357035721537,30.45035580951922
XYZ579204,UGC07625,4.752874537463235,30.244339349109698
XYZ841353,NGC4393,10.589448500874418,29.733594282224736
XYZ120469,PGC042449,4.216932566402619,30.473363084344204
XYZ743066,IC3430,4.563271804993069,30.414369266984675
XYZ808611,PGC038779,13.004051573145516,29.744559512512776
XYZ218791,IC3268,5.829847645780772,30.36522619147578
XYZ939691,PGC041211,17.615814502125204,29.65182993022823
XYZ612015,AGC225882,17.99159415491913,29.42037922397222
XYZ743087,PGC041156,19.413889786895034,29.3203466696417
XYZ972468,UGC07035,20.29840964902368,9.726791562521626
XYZ349882,PGC039264,3.8750668417065137,30.736069693585158
XYZ808636,IC3328,14.137822830251814,29.713596149747396
XYZ513730,NGC4612,4.844050512836821,30.436523593038984
XYZ644806,PGC040767,3.5815813988372804,8.46123564339263
XYZ153287,PGC041185,16.54017334907977,29.371279398846838
XYZ743112,PGC039250,39.72085028329976,28.465091157358618
XYZ644810,NGC4688,5.087018549767614,10.10058695479723
XYZ644815,SDSSJ123044.76+054919.5,28.65861533758473,7.2690853125527255
XYZ480975,IC3490,8.314565730386592,6.772420237643598
XYZ218840,UGC08276,5.729767082341841,30.3702534223785
XYZ677596,PGC040310,7.411991966236586,30.181539236747657
XYZ579295,NGC4793,5.611805015514571,30.310784175876726
XYZ513760,NGC4277,4.56038430350174,30.194260194630125
XYZ677602,EVCC1234,4.058838653145126,30.349444624278384
XYZ906986,PGC040411,13.89493601972083,29.377383885856748
XYZ153327,IC3468,13.072388246638077,29.8898656712482
XYZ874237,NGC4396,21.12126138205697,29.288504706443067
XYZ186110,PGC1423207,3.5181584147582123,30.675803853504103
XYZ579327,NGC4237,2.828054204106888,30.96776351569877
XYZ251652,PGC042062,39.911421444618426,8.735869952719735
XYZ579335,PGC039413,12.942154875401606,29.65969401555425
XYZ513799,PGC039638,2.2304364292368537,30.96890369662825
XYZ349973,IC3032,15.206506253110213,11.13767023257778
XYZ120598,AGC229201,11.68720131761199,29.79456601301477
XYZ710443,PGC169259,18.49076811138416,29.103726564295915
XYZ251696,PGC040867,1.9230696573368606,31.219362346244324
XYZ808753,UGC08053,3.1526554924962116,30.865473438223987
XYZ776004,SDSSJ122349.62+182720.7,9.565230296368192,29.841510617925067
XYZ546633,UGC07798,9.562135138892392,29.568861241395847
XYZ350029,PGC3294393,3.6998141626623116,30.513104161961643
XYZ972623,PGC040177,7.042885622697417,30.0269655624252
XYZ808804,PGC040672,11.956839108479627,29.95714360736943
XYZ513892,UGC07184,5.286813728520167,30.229161853438693
XYZ710500,NGC4765,7.116261488355541,30.057243074675316
XYZ710505,PGC041180,5.413577235564746,30.353674801166655
XYZ841580,AGC225847,7.650099831976572,30.148616059144473
XYZ513901,PGC041325,5.4555344933871535,7.72758224241467
XYZ120686,PGC041942,5.151120480475455,30.292275314374184
XYZ513903,IC3414,41.53680362679543,28.847313917644477
XYZ710534,PGC041571,16.646524652299657,8.760570973803631
XYZ907160,PGC1351666,3.274344976630209,30.82673576638051
XYZ612249,PGC1120391,17.50876271823936,29.21465335289441
XYZ579490,PGC040279,12.318881166619585,29.423446114381928
XYZ513956,PGC1290662,40.28082147134501,28.625092541518594
XYZ710568,SDSSJ124823.09+050816.3,3.7768239037701847,30.53207587508878
XYZ448433,PGC1275680,3.8307309872157336,30.828139346705147
XYZ579513,EVCC0116,10.996711145458992,10.441187503499911
XYZ513985,NGC4305,3.143374368914822,30.667379345030508
XYZ939974,PGC040814,9.887781372271204,30.1422579632908
XYZ841670,PGC041726,4.407698002151768,30.29812743025171
XYZ219080,NGC4222,4.493203718328278,30.51171593405674
XYZ612304,PGC039606,13.502132396833057,29.497779339682076
XYZ317398,SDSSJ122431.27+062916.5,7.411534633560016,30.121119596768565
XYZ874462,NGC4189,4.5751080544396965,30.435077965071912
XYZ907231,PGC041835,10.437795054009593,29.821792428350005
XYZ710622,AGC219539,14.103493040415994,29.609657989151913
XYZ579558,UGC07982,6.538486021108502,29.693264783163418
XYZ219110,PGC043051,7.59563682917528,30.173006687993293
XYZ710633,UGC07399A,4.783797207684673,30.23835868449876
XYZ186353,PGC039883,5.072262750811518,30.36344164823271
XYZ382974,PGC038113,14.822708211728196,29.746335484968807
XYZ219149,PGC2832063,5.938476711918639,30.42828358254127
XYZ710670,PGC1204412,5.235693486170144,8.427604716352384
XYZ350228,PGC040461,3.97356318428634,30.25343295684684
XYZ809006,NGC4313,6.652698858390199,30.015257922621892
XYZ809009,IC3097,6.265572098792616,30.117461800519774
XYZ645169,PGC040881,3.5258059628539287,30.52975063591059
XYZ383034,NGC4409,22.093980473015193,29.337173503748687
XYZ677957,PGC041994,12.310371933602381,29.53579611309431
XYZ645191,NGC4455,9.583357915569676,30.095024476108737
XYZ350288,IC3571,7.580258779345937,29.976310848605873
XYZ219217,PGC040803,14.952421591017396,29.625848832787934
XYZ546899,NGC4390,12.936797358237124,29.698503822985924
XYZ546905,IC3414,5.545753677589892,30.1843840312213
XYZ251995,AGC732226,20.209480992813365,29.349178962946336
XYZ546920,NGC4282,5.160892135466568,30.29036826300954
XYZ448623,SDSSJ120958.86+250106.3,5.726292741631065,8.823035016772252
XYZ186486,PGC1292607,4.26752925319658,9.743199061874552
XYZ841850,NGC4498,2.8511450006076373,30.54206285411924
XYZ809088,SDSSJ125208.90+030714.6,1.2584388256300945,31.265939072519377
XYZ809090,NGC4502,13.306406891511992,29.4992147843848
XYZ841861,PGC040974,5.528471839482361,30.202602969618606
XYZ120965,DDO128,6.828082202496403,30.1501616570851
XYZ678028,IC0796,3.6735055497134,30.518811853971833
XYZ579731,NGC4660,2.9717150542565696,30.65042590246699
XYZ120983,NGC4725,8.651850467592014,7.300474827949117
XYZ678043,AGC232137,4.112215759996849,30.837407597905937
XYZ317597,MRK1313,5.443010899888394,30.215805962150974
XYZ153762,UGC07003,65.28759312840891,28.36646401960327
XYZ186535,IC3471,117.49952080524632,27.882576367515437
XYZ186537,UGC07982,3.951017104222206,30.305497213232837
XYZ448683,PGC040869,3.8462635966270646,30.792611673109235
XYZ415924,PGC041263,4.603308075174582,30.276915112521586
XYZ710837,PGC041358,15.456322119394345,29.59431821703037
XYZ710843,IC3436,6.307951970869392,30.230316265137485
XYZ612554,EVCC0629,7.940693805854419,29.77305728350967
XYZ284874,PGC1120391,7.867420856062147,29.878884741113858
XYZ841942,NGC4419,12.670091655070754,29.826689690724393
XYZ415959,NGC4469,1.6389531788530682,31.061790432052998
XYZ481509,UGC08030,2.4268924639026555,9.472552861772915
XYZ383207,IC3100,31.729253075220615,29.090184594603812
XYZ121077,IC3365,3.27464255444198,30.39162435726604
XYZ481535,SDSSJ120404.33+044847.2,4.9674533953401045,30.222275476320036
XYZ874756,IC3499,5.738817127923301,30.3953597729272
XYZ743690,NGC4316,5.174546603060724,30.33459492125867
XYZ416012,NGC4668,5.793909661253501,30.029692573131747
XYZ514318,PGC042796,3.230159482293036,30.430716300338588
XYZ612626,AGC226054,6.3993131364347295,30.31700777908079
XYZ416028,PGC042400,10.247883600028782,29.67253369791278
XYZ907559,PGC040100,1.0745051592396861,31.432614912569125
XYZ416039,IC3448,4.4449920581662195,30.576415351620025
XYZ514346,AGC227973,9.891979967330682,29.959183573270767
XYZ809260,PGC041192,5.4999821097870125,30.14315288064703
XYZ907572,PGC042001,4.083866473724246,30.669395650573506
XYZ612665,PGC041308,4.4707830455630715,30.46042690085443
XYZ940358,PGC042801,6.344011683425978,30.20195348123996
XYZ842054,PGC040434,5.028464344004068,30.31103183159669
XYZ317768,PGC041432,9.85129373607035,29.691195211274696
XYZ481611,PGC135812,4.638296966205483,30.156227945310448
XYZ383310,AGC749454,5.433397857365037,30.281041090922898
XYZ317776,IC3384,5.804919094617766,30.21588708024888
XYZ842072,NGC4374,11.404842125044832,29.754881087642815
XYZ940379,PGC089680,19.147435190458985,29.301673342590224
XYZ481629,PGC1143249,2.715487389051229,13.359711552201578
XYZ645473,RFGC2284,6.434605792000756,30.036529720526634
XYZ612711,NGC4562,9.233700433310482,29.973179789617344
XYZ186737,PGC040951,9.134453105366873,29.805786441899468
XYZ940404,PGC040732,16.185786363081217,29.44552386656203
XYZ940405,AGC225998,13.765089584651195,29.61867799907307
XYZ711035,UGC07133,5.251229328928066,30.263473655304285
XYZ153993,SDSSJ115220.20+152736.2,10.512783424834954,29.62059380898108
XYZ285066,PGC039188,3.116048719406257,30.958862960876345
XYZ973195,NGC4497,11.578961723184559,29.570266094382575
XYZ743824,UGC07983,9.93779387114468,29.801481943125903
XYZ383382,PGC044215,13.57749771799935,29.56184725254678
XYZ743832,UGC07249,4.162737976530675,30.518273435950213
XYZ743833,PGC091181,3.378763300864418,30.73361519665966
XYZ383387,NGC4257,3.1206493179617443,30.70257832813324
XYZ285087,PGC041507,6.551134549118848,29.93474892281729
XYZ416161,PGC041937,13.80065967787759,29.624395553584026
XYZ874919,NGC4350,24.301150363349628,28.964075991989546
XYZ219559,PGC039986,1.4649427502831793,31.18776097488618
XYZ874922,AGC215716,6.255866539966522,30.45655361926838
XYZ383409,AGC229053,1.8471882427027813,30.842648660666306
XYZ907697,PGC042596,5.717239004162768,30.220516892129645
XYZ842173,NGC4430,5.4659593973250065,30.31028283376569
XYZ416193,PGC135811,5.9404264453723545,30.119251703762963
XYZ514499,PGC041356,6.780861767007509,30.269508911613237
XYZ416196,NGC4445,4.34642384069009,30.271601661182153
XYZ842184,SDSSJ125703.47+092258.9,3.8345718364405883,30.576545726648213
XYZ973260,NGC4168,8.273409686890458,29.7540242882676
XYZ973268,NGC4340,4.649952445228521,30.581242110181396
XYZ514518,NGC4470,3.455703956938757,30.582132082500102
XYZ547286,PGC1108616,3.836571674049592,11.65263720774806
XYZ547289,IC3586,31.0895546727474,29.270446462843648
XYZ448987,PGC042982,7.195212055020523,30.122404557940946
XYZ219616,PGC1187621,4.824923408581114,30.42785560478391
XYZ842209,Mrk772,7.140138227323307,7.594415026668457
XYZ416233,PGC041697,33.78679976848898,28.986118117614954
XYZ907759,PGC135809,1.6601220339028522,31.34950311771018
XYZ383475,PGC042257,17.96994283922668,29.47037572682209
XYZ514553,IC0755,9.146966340659835,4.798758930510353
XYZ186876,UGC07370,3.300319786276228,30.790326957401867
XYZ350717,AGC230084,27.138224733780174,29.184378119920115
XYZ580101,NGC4642,12.342627776465383,29.66052565052429
XYZ875014,UGCA379,4.474993749705443,30.4074131751669
XYZ317959,PGC042242,20.94513700432435,29.25973059151782
XYZ547341,PGC040631,4.604020570223534,30.475715963639697
XYZ449049,NGC4254,1.4573154834657334,31.167893642533063
XYZ875052,NGC4569,5.005170162876764,30.188837241407523
XYZ678448,SDSSJ120527.06+123243.2,44.76569763526526,28.75664960251228
XYZ711221,PGC044685,5.549353589468454,30.518252464640977
XYZ481846,PGC1374673,4.8622374621460045,30.47210662781955
XYZ481851,NGC4793,5.057075567943634,30.436294843721644
XYZ612926,NGC4606,12.439104032014308,29.569859168179043
XYZ645700,PGC040995,1.8617139955030604,9.159276893117099
XYZ973380,DDO157,6.124232203428167,30.237572196870804
XYZ154183,PGC039610,4.7142784849306025,30.18673185038511
XYZ285256,AGC227973,4.365802744531012,30.49221905494853
XYZ842316,PGC039413,34.844243835780276,28.97227950307371
XYZ744014,SDSSJ122928.18+203348.8,3.5823330873128167,31.079773872351936
